keyword,volume,difficulty,our_pos,competitor,competitor_pos,competitor_url,mapped_pdp
ferrytyna,74000,60,>50,genoscope.pl,3,genoscope.pl/pl/blog/Ferrytyna-objawy-niedoboru%2C-skutki-i-sposoby-na-naturalne-wsparcie/125,
maść na blizny,14800,59,>50,genoscope.pl,4,genoscope.pl/masc-na-blizny,
regeneruje,9900,54,>50,genoscope.pl,8,genoscope.pl/pl/blog/Dlaczego-skora-dlugo-sie-regeneruje-Przyczyny-i-pielegnacja/265,
maści na oparzenia,6600,55,>50,genoscope.pl,4,genoscope.pl/pl/blog/Oparzenia-jaka-masc-wybrac%2C-aby-skora-goila-sie-szybciej/158,
co na oparzenie,5400,53,>50,genoscope.pl,8,genoscope.pl/pl/blog/Oparzenia-jaka-masc-wybrac%2C-aby-skora-goila-sie-szybciej/158,
sea moss,4400,59,>50,genoscope.pl,3,genoscope.pl/pl/blog/Sea-moss%2C-czym-jest-mech-irlandzki-i-dlaczego-robi-sie-o-nim-glosno/214,
siara,3600,67,>50,genoscope.pl,2,genoscope.pl/pl/blog/Siara-bydleca-co-to-jest-i-dlaczego-warto-po-nia-siegnac/170,
colostrum kozie,2900,44,>50,genoscope.pl,5,genoscope.pl/pl/c/Colostrum-Hypo/106,
maść ze srebrem,2400,45,>50,genoscope.pl,2,genoscope.pl › Blog/,
najlepsza maść na blizny pooperacyjne,2400,38,>50,genoscope.pl,5,genoscope.pl/pl/blog/Najlepsza-masc-na-blizny-pooperacyjne-jak-swiadomie-wspierac-regeneracje-skory/213,
maść na odleżyny,1900,45,>50,genoscope.pl,9,genoscope.pl/masc-na-odlezyny,
ciągłe zmęczenie,1900,54,>50,genoscope.pl,4,genoscope.pl/pl/blog/Ciagle-zmeczenie-i-sennosc-brak-energii.-Jak-temu-zaradzic/127,
najlepsza maść na blizny,1900,45,>50,genoscope.pl,6,genoscope.pl/pl/blog/Najlepsza-masc-na-blizny-pooperacyjne-jak-swiadomie-wspierac-regeneracje-skory/213,
ciągłe zmęczenie i senność brak energii,1900,42,>50,genoscope.pl,5,genoscope.pl/pl/blog/Ciagle-zmeczenie-i-sennosc-brak-energii.-Jak-temu-zaradzic/127,
parcie na mocz,1600,48,>50,genoscope.pl,8,genoscope.pl/pl/blog/Dyskomfort-pecherza-i-czeste-parcie-na-mocz-u-kobiet%2C-jak-wspierac-uklad-moczowy-na-co-dzien/232,
najlepsza maść na oparzenia,1600,31,>50,genoscope.pl,3,genoscope.pl/pl/blog/Oparzenia-jaka-masc-wybrac%2C-aby-skora-goila-sie-szybciej/158,
maść na blizny pooperacyjne,1600,43,>50,genoscope.pl,3,genoscope.pl/masc-na-blizny,
masc na blizne pooperacyjna,1600,40,>50,genoscope.pl,4,genoscope.pl/masc-na-blizny,
niska ferrytyna a jelita,1600,25,25,genoscope.pl,1,genoscope.pl/pl/blog/Niska-ferrytyna-a-odpornosc-dlaczego-organizm-slabnie-i-jak-pomaga-colostrum/197,
srebro w sprayu,1300,44,>50,genoscope.pl,5,genoscope.pl/pl/blog/Srebro-koloidalne-w-sprayu-naturalna-pomoc-na-rany%2C-tradzik-i-podraznienia/168,
srebro na rany,1300,53,>50,genoscope.pl,8,genoscope.pl/niegojace-sie-rany,
srebro na rane,1300,54,>50,genoscope.pl,7,genoscope.pl/niegojace-sie-rany,
colostrum na co pomaga,1000,41,16,genoscope.pl,9,genoscope.pl/pl/blog/Colostrum-co-to-jest-i-na-co-pomaga-Najsilniejszy-naturalny-sposob-na-odpornosc/130,
ciągłe zmęczenie i senność,1000,45,>50,genoscope.pl,5,genoscope.pl/pl/blog/Ciagle-zmeczenie-i-sennosc-brak-energii.-Jak-temu-zaradzic/127,
naturalne preparaty na wzmocnienie organizmu,1000,40,>50,genoscope.pl,7,genoscope.pl/pl/blog/Naturalne-sposoby-na-odpornosc-i-wzmocnienie-organizmu/183,
co na odporność,1000,70,>50,genoscope.pl,5,genoscope.pl/pl/blog/Naturalne-sposoby-na-odpornosc-i-wzmocnienie-organizmu/183,
brak energii,1000,66,>50,genoscope.pl,6,genoscope.pl/pl/blog/Ciagle-zmeczenie-i-sennosc-brak-energii.-Jak-temu-zaradzic/127,
najlepsza maść na stopę cukrzycową,1000,27,>50,genoscope.pl,5,genoscope.pl/pl/blog/Stopa-cukrzycowa-jak-leczyc-i-dlaczego-Diabetegen-to-skuteczna-masc-dla-diabetykow/172,
skuteczny lek na stopę cukrzycową,1000,34,>50,genoscope.pl,10,genoscope.pl/pl/p/DIABETEGEN-ze-srebrem-kuracja-10-dniowa-20ml/157,
najskuteczniejszy lek na odleżyny,1000,26,>50,genoscope.pl,1,genoscope.pl/masc-na-odlezyny,
nutraceutyki,880,43,>50,genoscope.pl,6,genoscope.pl/pl/blog/Nutraceutyki-naturalne-wsparcie-odpornosci-i-wzmocnienie-organizmu/98,
maść na trudno gojące się rany,880,41,>50,genoscope.pl,7,genoscope.pl/pl/blog/Masc-ze-srebrem-na-rany-szybka-regeneracja-i-skuteczna-ochrona/149,
srebro w sprayu na rany,880,34,>50,genoscope.pl,5,genoscope.pl/pl/blog/Srebro-koloidalne-w-sprayu-naturalna-pomoc-na-rany%2C-tradzik-i-podraznienia/168,
tabletki na zmęczenie i brak energii,880,40,>50,genoscope.pl,8,genoscope.pl/pl/blog/Ciagle-zmeczenie-i-sennosc-brak-energii.-Jak-temu-zaradzic/127,
parcie na pęcherz,880,43,>50,genoscope.pl,9,genoscope.pl/pl/blog/Ucisk%2C-pieczenie%2C-ciagle-wizyty-w-toalecie.-Co-na-pecherz-i-jak-wspierac-uklad-moczowy-na-co-dzien/228,
uczucie pełności w brzuchu,880,34,>50,genoscope.pl,9,genoscope.pl/pl/blog/Wzdecia%2C-uczucie-ciezkosci-i-niespokojny-brzuch%2C-co-naprawde-wspiera-trawienie/230,
uczucie pełnego brzucha,880,40,>50,genoscope.pl,9,genoscope.pl/pl/blog/Wzdecia%2C-uczucie-ciezkosci-i-niespokojny-brzuch%2C-co-naprawde-wspiera-trawienie/230,
maść ze srebrem na rany,880,46,>50,genoscope.pl,3,genoscope.pl/pl/blog/Masc-ze-srebrem-na-rany-szybka-regeneracja-i-skuteczna-ochrona/149,
ciągle zmęczona,880,50,>50,genoscope.pl,5,genoscope.pl/pl/blog/Ciagle-zmeczenie-i-sennosc-brak-energii.-Jak-temu-zaradzic/127,
ferrytyna za co odpowiada,880,38,>50,genoscope.pl,5,genoscope.pl/pl/blog/Ferrytyna-objawy-niedoboru%2C-skutki-i-sposoby-na-naturalne-wsparcie/125,
colostrum właściwości,720,48,13,genoscope.pl,7,genoscope.pl/pl/blog/Jak-colostrum-wspiera-odpornosc-i-regeneracje-Naturalne-suplementy-diety-dla-zdrowia/117,
maść na oparzenia skóry wrzątkiem,720,29,>50,genoscope.pl,6,genoscope.pl/pl/blog/Oparzenia-jaka-masc-wybrac%2C-aby-skora-goila-sie-szybciej/158,
krem na odleżyny,720,43,>50,genoscope.pl,2,genoscope.pl/masc-na-odlezyny,
jak wzmocnić organizm,720,63,>50,genoscope.pl,9,genoscope.pl/pl/blog/Naturalne-sposoby-na-odpornosc-i-wzmocnienie-organizmu/183,
przemęczenie,720,65,>50,genoscope.pl,5,genoscope.pl/pl/blog/Chroniczne-przemeczenie-jak-odzyskac-energie/126,
zmęczenie i senność,720,50,>50,genoscope.pl,5,genoscope.pl/pl/blog/Ciagle-zmeczenie-i-sennosc-brak-energii.-Jak-temu-zaradzic/127,
co na oparzenie skóry,720,45,>50,genoscope.pl,7,genoscope.pl/pl/blog/Oparzenia-jaka-masc-wybrac%2C-aby-skora-goila-sie-szybciej/158,
niska ferrytyna a tycie,720,34,51,genoscope.pl,7,genoscope.pl/pl/blog/Niska-ferrytyna-a-odpornosc-dlaczego-organizm-slabnie-i-jak-pomaga-colostrum/197,
laktoferyna w ciąży,590,29,44,genoscope.pl,5,genoscope.pl/pl/blog/Niedobor-zelaza-w-ciazy-jak-laktoferyna-z-colostrum-moze-pomoc-przyszlym-mamom/124,
brak siły,590,59,>50,genoscope.pl,5,genoscope.pl/pl/blog/Ciagle-zmeczenie-i-sennosc-brak-energii.-Jak-temu-zaradzic/127,
osłabienie po grypie,590,48,>50,genoscope.pl,10,genoscope.pl/pl/blog/Jak-naturalnie-wzmocnic-organizm-po-grypie-i-infekcjach-sezonowych/189,
mech irlandzki,590,34,>50,genoscope.pl,6,genoscope.pl/pl/blog/Sea-moss%2C-czym-jest-mech-irlandzki-i-dlaczego-robi-sie-o-nim-glosno/214,
naturalne sposoby na wzmocnienie organizmu dziecka,590,32,>50,genoscope.pl,6,genoscope.pl/pl/blog/Naturalne-sposoby-na-wzmocnienie-organizmu-dziecka-przed-powrotem-do-szkoly/86,
uczucie pełności,590,52,>50,genoscope.pl,10,genoscope.pl/pl/blog/Wzdecia%2C-uczucie-ciezkosci-i-niespokojny-brzuch%2C-co-naprawde-wspiera-trawienie/230,
maść na bliznę po operacji,590,40,>50,genoscope.pl,7,genoscope.pl/masc-na-blizny,
najlepsza masc na oparzenia sloneczne,590,42,>50,genoscope.pl,7,genoscope.pl/pl/blog/Oparzenia-jaka-masc-wybrac%2C-aby-skora-goila-sie-szybciej/158,
maść na trudno gojące się rany cukrzycowe bez recepty,590,27,>50,genoscope.pl,3,genoscope.pl/produkty/diabetegen-wspomagajacy-regeneracje-40g,
co brać na odporność,590,55,>50,genoscope.pl,6,genoscope.pl/pl/blog/Naturalne-sposoby-na-odpornosc-i-wzmocnienie-organizmu/183,
najlepsza maść na odleżyny,480,32,>50,genoscope.pl,1,genoscope.pl/masc-na-odlezyny,
parcie na pęcherz co pomaga,480,30,>50,genoscope.pl,4,genoscope.pl/pl/blog/Ucisk%2C-pieczenie%2C-ciagle-wizyty-w-toalecie.-Co-na-pecherz-i-jak-wspierac-uklad-moczowy-na-co-dzien/228,
maść na odleżyny ze srebrem,480,37,>50,genoscope.pl,1,genoscope.pl/masc-na-odlezyny,
ciągłe parcie na pęcherz,480,40,>50,genoscope.pl,7,genoscope.pl/pl/blog/Dyskomfort-pecherza-i-czeste-parcie-na-mocz-u-kobiet%2C-jak-wspierac-uklad-moczowy-na-co-dzien/232,
maść na oparzenia ze srebrem,480,36,>50,genoscope.pl,3,genoscope.pl/pl/blog/Masc-ze-srebrem-jak-dziala-i-kiedy-warto-po-nia-siegnac/148,
uciskanie na pęcherz,480,48,>50,genoscope.pl,6,genoscope.pl/pl/blog/Ucisk%2C-pieczenie%2C-ciagle-wizyty-w-toalecie.-Co-na-pecherz-i-jak-wspierac-uklad-moczowy-na-co-dzien/228,
najlepsza maść na oparzenia forum,480,29,>50,genoscope.pl,1,genoscope.pl/pl/blog/Oparzenia-jaka-masc-wybrac%2C-aby-skora-goila-sie-szybciej/158,
złota maść na odleżyny,480,32,>50,genoscope.pl,2,genoscope.pl/masc-na-odlezyny,
masc na oparzenie sloneczne,480,44,>50,genoscope.pl,9,genoscope.pl/pl/c/Oparzenia/61,
sea moss po polsku,480,23,>50,genoscope.pl,4,genoscope.pl/pl/blog/Sea-moss%2C-czym-jest-mech-irlandzki-i-dlaczego-robi-sie-o-nim-glosno/214,
colostrum skutki uboczne,480,40,32,colostrumactive.pl,5,colostrumactive.pl/jakie-sa-skutki-uboczne-colostrum/,
colostrum opinie skutki uboczne,480,34,31,colostrumactive.pl,5,colostrumactive.pl/jakie-sa-skutki-uboczne-colostrum/,
maść z jonami srebra,390,34,>50,genoscope.pl,3,genoscope.pl/pl/blog/Masc-ze-srebrem-jak-dziala-i-kiedy-warto-po-nia-siegnac/148,
maść ze srebrem bez recepty,390,29,>50,genoscope.pl,4,genoscope.pl/pl/blog/Masc-ze-srebrem-na-rany-szybka-regeneracja-i-skuteczna-ochrona/149,
odmrożone dłonie,390,41,>50,genoscope.pl,3,genoscope.pl/pl/blog/Krem-na-odmrozone-dlonie-jak-skutecznie-regenerowac-skore-zima/208,
jak wzmocnic organizm po antybiotyku,390,45,>50,genoscope.pl,4,genoscope.pl/pl/blog/Naturalne-sposoby-na-wzmocnienie-organizmu-po-antybiotyku-odbuduj-odpornosc-krok-po-kroku/186,
uczucie zmęczenia,390,56,>50,genoscope.pl,7,genoscope.pl/pl/blog/Ciagle-zmeczenie-i-sennosc-brak-energii.-Jak-temu-zaradzic/127,
najlepsza maść na odmrożenia,390,26,>50,genoscope.pl,1,genoscope.pl/pl/c/Odmrozenia/62,
ciągłe parcie na mocz,390,40,>50,genoscope.pl,9,genoscope.pl/pl/blog/Dyskomfort-pecherza-i-czeste-parcie-na-mocz-u-kobiet%2C-jak-wspierac-uklad-moczowy-na-co-dzien/232,
maść na oparzenia 2 stopnia,390,40,>50,genoscope.pl,2,genoscope.pl/pl/blog/Oparzenia-jaka-masc-wybrac%2C-aby-skora-goila-sie-szybciej/158,
odmrożenia dłoni,390,49,>50,genoscope.pl,5,genoscope.pl/pl/c/Odmrozenia/62,
siara mleka,390,55,36,genoscope.pl,2,genoscope.pl/pl/blog/Siara-bydleca-co-to-jest-i-dlaczego-warto-po-nia-siegnac/170,
najlepsza maść ze srebrem,390,36,>50,genoscope.pl,6,genoscope.pl/pl/blog/Najlepsza-masc-na-blizny-pooperacyjne-Eksperci-wskazuja-na-Diabetegen/156,
jednoczesne parcie na mocz i stolec,390,33,>50,genoscope.pl,10,genoscope.pl/pl/blog/Dyskomfort-pecherza-i-czeste-parcie-na-mocz-u-kobiet%2C-jak-wspierac-uklad-moczowy-na-co-dzien/232,
maść z jonami srebra na rany bez recepty,390,21,>50,genoscope.pl,1,genoscope.pl/pl/blog/Masc-ze-srebrem-jak-dziala-i-kiedy-warto-po-nia-siegnac/148,
kwas masłowy zastosowanie,390,35,>50,colostrumactive.pl,4,colostrumactive.pl/kwas-maslowy-wlasciwosci-i-zastosowanie/,
najlepsza maść na blizny po oparzeniu,320,34,>50,genoscope.pl,10,genoscope.pl/pl/blog/Masc-na-blizny-z-colostrum-skuteczna-regeneracja-skory-po-operacjach-i-urazach/139,
co brać na wzmocnienie organizmu,320,48,>50,genoscope.pl,7,genoscope.pl/pl/blog/Naturalne-sposoby-na-odpornosc-i-wzmocnienie-organizmu/183,
co na zmęczenie brak energii,320,47,>50,genoscope.pl,6,genoscope.pl/pl/blog/Ciagle-zmeczenie-i-sennosc-brak-energii.-Jak-temu-zaradzic/127,
preparaty na odporność,320,65,>50,genoscope.pl,6,genoscope.pl/pl/blog/Preparaty-na-odpornosc-co-dziala-naprawde%2C-a-czego-lepiej-unikac/187,
maść ze srebrem koloidalnym,320,31,>50,genoscope.pl,2,genoscope.pl/pl/blog/Masc-ze-srebrem-jak-dziala-i-kiedy-warto-po-nia-siegnac/148,
tabletki na przyrost masy mięśniowej bez siłowni,320,35,>50,genoscope.pl,4,genoscope.pl/produkty/colostrum-sport-tabletki-60szt,
krem ze srebrem,320,38,>50,genoscope.pl,3,genoscope.pl/pl/blog/Masc-ze-srebrem-jak-dziala-i-kiedy-warto-po-nia-siegnac/148,
częste parcie na mocz,320,42,>50,genoscope.pl,8,genoscope.pl/pl/blog/Dyskomfort-pecherza-i-czeste-parcie-na-mocz-u-kobiet%2C-jak-wspierac-uklad-moczowy-na-co-dzien/232,
przemęczenie organizmu,320,55,>50,genoscope.pl,10,genoscope.pl/pl/blog/Chroniczne-przemeczenie-jak-odzyskac-energie/126,
kojąca maść,320,29,>50,genoscope.pl,6,genoscope.pl/pl/blog/Colostrum-masc%2C-czyli-masc-regenerujaco-kojaca/137,
bliznowiec maść,320,45,>50,genoscope.pl,6,genoscope.pl/masc-na-blizny,
zmęczenie organizmu,320,58,>50,genoscope.pl,4,genoscope.pl/pl/blog/Ciagle-zmeczenie-i-sennosc-brak-energii.-Jak-temu-zaradzic/127,
uczucie ciężkości w brzuchu,320,42,>50,genoscope.pl,6,genoscope.pl/pl/blog/Wzdecia%2C-uczucie-ciezkosci-i-niespokojny-brzuch%2C-co-naprawde-wspiera-trawienie/230,
wzmocnić organizm,320,68,>50,genoscope.pl,9,genoscope.pl/pl/blog/Naturalne-sposoby-na-odpornosc-i-wzmocnienie-organizmu/183,
osłabienie po grypie jak się wzmocnić,320,32,>50,genoscope.pl,4,genoscope.pl/pl/blog/Jak-naturalnie-wzmocnic-organizm-po-grypie-i-infekcjach-sezonowych/189,
co najlepsze na odporność,320,59,>50,genoscope.pl,6,genoscope.pl/pl/blog/Preparaty-na-odpornosc-co-dziala-naprawde%2C-a-czego-lepiej-unikac/187,
czy colostrum to probiotyk,320,28,20,colostrumactive.pl,2,colostrumactive.pl/co-jest-lepsze-probiotyk-czy-colostrum/,
ciągłe zmęczenie i brak energii,260,42,>50,genoscope.pl,5,genoscope.pl/pl/blog/Ciagle-zmeczenie-i-sennosc-brak-energii.-Jak-temu-zaradzic/127,
maść na odmrożenia,260,34,>50,genoscope.pl,2,genoscope.pl/pl/c/Odmrozenia/62,
colostrum kozie właściwości,260,34,>50,genoscope.pl,4,genoscope.pl/pl/c/Colostrum-Hypo/106,
odmrozone rece,260,42,>50,genoscope.pl,3,genoscope.pl/pl/blog/Krem-na-odmrozone-dlonie-jak-skutecznie-regenerowac-skore-zima/208,
brak sił do życia,260,59,>50,genoscope.pl,5,genoscope.pl/pl/blog/Ciagle-zmeczenie-i-sennosc-brak-energii.-Jak-temu-zaradzic/127,
maść na trudno gojące się rany cukrzycowe,260,24,>50,genoscope.pl,9,genoscope.pl/pl/blog/Trudno-gojace-sie-rany-Diabetegen-to-wyjatkowa-masc-z-colostrum%2C-srebrem-i-witamina-E/150,
brak energii przyczyny,260,54,>50,genoscope.pl,5,genoscope.pl/pl/blog/Ciagle-zmeczenie-i-sennosc-brak-energii.-Jak-temu-zaradzic/127,
preparaty na wzmocnienie po grypie,260,33,>50,genoscope.pl,2,genoscope.pl/pl/blog/Jak-naturalnie-wzmocnic-organizm-po-grypie-i-infekcjach-sezonowych/189,
colostrum immune,260,47,25,genoscope.pl,1,genoscope.pl/produkty/colostrum-immune-60szt,
ucisk na pęcherz,260,46,>50,genoscope.pl,5,genoscope.pl/pl/blog/Ucisk%2C-pieczenie%2C-ciagle-wizyty-w-toalecie.-Co-na-pecherz-i-jak-wspierac-uklad-moczowy-na-co-dzien/228,
dobra maść na blizny,260,41,>50,genoscope.pl,7,genoscope.pl/masc-na-blizny,
najlepsza maść na bliznowce,260,36,>50,genoscope.pl,5,genoscope.pl/pl/blog/Najlepsza-masc-na-blizny-pooperacyjne-jak-swiadomie-wspierac-regeneracje-skory/213,
zmęczenie senność brak sił,260,41,>50,genoscope.pl,5,genoscope.pl/pl/blog/Ciagle-zmeczenie-i-sennosc-brak-energii.-Jak-temu-zaradzic/127,
wyjałowiony organizm po antybiotyku,260,39,>50,genoscope.pl,3,genoscope.pl/pl/blog/Naturalne-sposoby-na-wzmocnienie-organizmu-po-antybiotyku-odbuduj-odpornosc-krok-po-kroku/186,
kwas masłowy właściwości,260,37,>50,colostrumactive.pl,4,colostrumactive.pl/kwas-maslowy-wlasciwosci-i-zastosowanie/,
kwas masłowy w czym występuje,260,28,>50,colostrumactive.pl,5,colostrumactive.pl/kwas-maslowy-wlasciwosci-i-zastosowanie/,
czym smarować odleżyny,210,43,>50,genoscope.pl,10,genoscope.pl/pl/blog/Odlezyny-jak-im-zapobiegac-i-czym-je-skutecznie-pielegnowac/155,
preparaty na odleżyny,210,34,>50,genoscope.pl,4,genoscope.pl/masc-na-odlezyny,
maść pośladkowa na odleżyny,210,30,>50,genoscope.pl,3,genoscope.pl/masc-na-odlezyny,
jak szybko wzmocnić organizm,210,51,>50,genoscope.pl,5,genoscope.pl/pl/blog/Naturalne-sposoby-na-odpornosc-i-wzmocnienie-organizmu/183,
maść na rany dla dzieci,210,30,>50,genoscope.pl,2,genoscope.pl/pl/blog/Masc-na-rany-dla-dzieci-szybka-pomoc%2C-skuteczna-regeneracja/141,
ciągłe uczucie zmęczenia i senność,210,46,>50,genoscope.pl,6,genoscope.pl/pl/blog/Ciagle-zmeczenie-i-sennosc-brak-energii.-Jak-temu-zaradzic/127,
maść na zrosty pooperacyjne,210,33,>50,genoscope.pl,10,genoscope.pl/pl/blog/Najlepsza-masc-na-blizny-pooperacyjne-jak-swiadomie-wspierac-regeneracje-skory/213,
naturalna osłona przy antybiotyku,210,35,>50,genoscope.pl,10,genoscope.pl/pl/blog/Naturalne-sposoby-na-wzmocnienie-organizmu-po-antybiotyku-odbuduj-odpornosc-krok-po-kroku/186,
jak wzmocnić organizm po grypie,210,39,>50,genoscope.pl,4,genoscope.pl/pl/blog/Jak-naturalnie-wzmocnic-organizm-po-grypie-i-infekcjach-sezonowych/189,
maść na oparzenia chemiczne,210,39,>50,genoscope.pl,5,genoscope.pl/pl/blog/Oparzenia-jaka-masc-wybrac%2C-aby-skora-goila-sie-szybciej/158,
jakie witaminy po antybiotyku,210,38,>50,genoscope.pl,8,genoscope.pl/pl/blog/Naturalne-sposoby-na-wzmocnienie-organizmu-po-antybiotyku-odbuduj-odpornosc-krok-po-kroku/186,
maść na krosty na głowie,210,32,>50,genoscope.pl,8,genoscope.pl/pl/c/Wykwity/90,
maść ze srebrem na blizny,210,34,>50,genoscope.pl,2,genoscope.pl/pl/blog/Najlepsza-masc-na-blizny-pooperacyjne-Eksperci-wskazuja-na-Diabetegen/156,
colostrum jakiej firmy wybrać,210,29,17,genoscope.pl,5,genoscope.pl/pl/blog/Jak-wybrac-najlepsze-colostrum-dla-zdrowia-i-odpornosci/114,
sudocrem na oparzenia wrzątkiem,210,35,>50,genoscope.pl,10,genoscope.pl/pl/blog/Oparzenia-jaka-masc-wybrac%2C-aby-skora-goila-sie-szybciej/158,
brak energii senność,210,48,>50,genoscope.pl,5,genoscope.pl/pl/blog/Ciagle-zmeczenie-i-sennosc-brak-energii.-Jak-temu-zaradzic/127,
maść odbudowująca naskórek,210,36,>50,genoscope.pl,3,genoscope.pl/pl/blog/Masc-z-colostrum-na-sucha-skore-i-regeneracje-naskorka-Diabetegen/142,
co na zmęczenie brak energii forum,210,35,>50,genoscope.pl,7,genoscope.pl/pl/blog/Ciagle-zmeczenie-i-sennosc-brak-energii.-Jak-temu-zaradzic/127,
kwas masłowy działanie,210,35,>50,colostrumactive.pl,9,colostrumactive.pl/kwas-maslowy-wlasciwosci-i-zastosowanie/,
maść z jonami srebra na rany,170,35,>50,genoscope.pl,2,genoscope.pl/pl/blog/Masc-ze-srebrem-jak-dziala-i-kiedy-warto-po-nia-siegnac/148,
ciągła senność i brak energii,170,36,>50,genoscope.pl,5,genoscope.pl/pl/blog/Ciagle-zmeczenie-i-sennosc-brak-energii.-Jak-temu-zaradzic/127,
maść na pęcherze po oparzeniu,170,32,>50,genoscope.pl,7,genoscope.pl/pl/blog/Oparzenia-jaka-masc-wybrac%2C-aby-skora-goila-sie-szybciej/158,
maść na oparzenia wrzątkiem,170,37,>50,genoscope.pl,5,genoscope.pl/pl/blog/Oparzenia-jaka-masc-wybrac%2C-aby-skora-goila-sie-szybciej/158,
colostrum przeciwwskazania,170,39,22,genoscope.pl,10,genoscope.pl/pl/blog/Czy-colostrum-jest-bezpieczne-Przeciwwskazania-i-wybor/263,
maść przeciwodleżynowa,170,33,>50,genoscope.pl,10,genoscope.pl/masc-na-odlezyny,
częste parcie na pęcherz,170,39,>50,genoscope.pl,10,genoscope.pl/pl/blog/Dyskomfort-pecherza-i-czeste-parcie-na-mocz-u-kobiet%2C-jak-wspierac-uklad-moczowy-na-co-dzien/232,
czemu jestem ciągle zmęczona,170,41,>50,genoscope.pl,5,genoscope.pl/pl/blog/Ciagle-zmeczenie-i-sennosc-brak-energii.-Jak-temu-zaradzic/127,
maść na odleżyny bez recepty,170,27,>50,genoscope.pl,9,genoscope.pl/masc-na-odlezyny,
sreberko na rany,170,44,>50,genoscope.pl,8,genoscope.pl/niegojace-sie-rany,
odmrożone dłonie czerwone,170,36,>50,genoscope.pl,5,genoscope.pl/pl/blog/Krem-na-odmrozone-dlonie-jak-skutecznie-regenerowac-skore-zima/208,
tabletki na przyrost mięśni,170,44,>50,genoscope.pl,3,genoscope.pl/produkty/colostrum-sport-tabletki-60szt,
zmęczenie po grypie,170,44,>50,genoscope.pl,7,genoscope.pl/pl/blog/Jak-naturalnie-wzmocnic-organizm-po-grypie-i-infekcjach-sezonowych/189,
co na osłabienie przy przeziębieniu,170,44,>50,genoscope.pl,7,genoscope.pl/pl/blog/Jak-naturalnie-wzmocnic-organizm-po-grypie-i-infekcjach-sezonowych/189,
czym wzmocnić organizm,170,53,>50,genoscope.pl,8,genoscope.pl/pl/blog/Naturalne-sposoby-na-odpornosc-i-wzmocnienie-organizmu/183,
brak energii życiowej,170,49,>50,genoscope.pl,2,genoscope.pl/pl/blog/Ciagle-zmeczenie-i-sennosc-brak-energii.-Jak-temu-zaradzic/127,
colostrum kozie opinie,170,30,>50,genoscope.pl,2,genoscope.pl/pl/c/Colostrum-Hypo/106,
brak energii zniechęcenie,170,51,>50,genoscope.pl,7,genoscope.pl › Blog/,
brak sił i energii,170,53,>50,genoscope.pl,5,genoscope.pl/pl/blog/Ciagle-zmeczenie-i-sennosc-brak-energii.-Jak-temu-zaradzic/127,
osłabienie organizmu brak sił,170,49,>50,genoscope.pl,4,genoscope.pl/pl/blog/Ciagle-zmeczenie-i-sennosc-brak-energii.-Jak-temu-zaradzic/127,
regeneracja jelita,170,53,>50,genoscope.pl,3,genoscope.pl/pl/blog/Colostrum-na-jelita-naturalna-regeneracja-i-wsparcie-dla-ukladu-pokarmowego/134,
ciągłe zmęczenie i senność przyczyną,170,40,>50,genoscope.pl,8,genoscope.pl/pl/blog/Ciagle-zmeczenie-i-sennosc-brak-energii.-Jak-temu-zaradzic/127,
maść ze srebrem na trudno gojące się rany,170,27,>50,genoscope.pl,1,genoscope.pl/pl/blog/Masc-ze-srebrem-na-rany-szybka-regeneracja-i-skuteczna-ochrona/149,
kwas maślany,170,41,>50,colostrumactive.pl,4,colostrumactive.pl/kwas-maslowy-wlasciwosci-i-zastosowanie/,
siara krowia,140,41,24,genoscope.pl,5,genoscope.pl/pl/c/Siara-w-tabletkach/117,
laktoferyna a ferrytyna,140,22,19,genoscope.pl,1,genoscope.pl/pl/blog/Laktoferyna-i-ferrytyna-jak-colostrum-wspiera-organizm-przy-niedoborze-zelaza/121,
co na wzmocnienie,140,62,>50,genoscope.pl,5,genoscope.pl/pl/blog/Naturalne-sposoby-na-odpornosc-i-wzmocnienie-organizmu/183,
rekonwalescencja po grypie,140,40,>50,genoscope.pl,6,genoscope.pl/pl/blog/Jak-naturalnie-wzmocnic-organizm-po-grypie-i-infekcjach-sezonowych/189,
maść na otarcia i rany dla dzieci,140,27,>50,genoscope.pl,1,genoscope.pl/pl/blog/Masc-na-rany-dla-dzieci-szybka-pomoc%2C-skuteczna-regeneracja/141,
colostrum alpha,140,32,16,genoscope.pl,4,genoscope.pl/produkty/colostrum-alpha-bovinum,
jaki jogurt przy antybiotyku,140,29,>50,genoscope.pl,9,genoscope.pl/pl/blog/Naturalne-sposoby-na-wzmocnienie-organizmu-po-antybiotyku-odbuduj-odpornosc-krok-po-kroku/186,
krem ze srebrem koloidalnym,140,23,>50,genoscope.pl,4,genoscope.pl/pl/blog/Masc-ze-srebrem-jak-dziala-i-kiedy-warto-po-nia-siegnac/148,
preparat na oparzenia,140,47,>50,genoscope.pl,8,genoscope.pl/pl/blog/Oparzenia-jaka-masc-wybrac%2C-aby-skora-goila-sie-szybciej/158,
co na brak energii,140,56,>50,genoscope.pl,4,genoscope.pl/pl/blog/Ciagle-zmeczenie-i-sennosc-brak-energii.-Jak-temu-zaradzic/127,
przemrożone dłonie,140,33,>50,genoscope.pl,3,genoscope.pl/pl/blog/Krem-na-odmrozone-dlonie-jak-skutecznie-regenerowac-skore-zima/208,
srebro na oparzenia,140,45,>50,genoscope.pl,5,genoscope.pl/pl/blog/Masc-ze-srebrem-jak-dziala-i-kiedy-warto-po-nia-siegnac/148,
jaka maść na oparzenie,140,38,>50,genoscope.pl,2,genoscope.pl/pl/blog/Oparzenia-jaka-masc-wybrac%2C-aby-skora-goila-sie-szybciej/158,
co pic na wzmocnienie organizmu,140,46,>50,genoscope.pl,9,genoscope.pl/pl/blog/Naturalne-sposoby-na-odpornosc-i-wzmocnienie-organizmu/183,
uczucie ciężkości,140,49,>50,genoscope.pl,7,genoscope.pl/pl/blog/Wzdecia%2C-uczucie-ciezkosci-i-niespokojny-brzuch%2C-co-naprawde-wspiera-trawienie/230,
krem z jonami srebra,140,27,>50,genoscope.pl,4,genoscope.pl/pl/blog/Masc-ze-srebrem-jak-dziala-i-kiedy-warto-po-nia-siegnac/148,
siara kozia,140,36,>50,genoscope.pl,3,genoscope.pl/pl/blog/Siara-kozia-naturalne-wsparcie-organizmu-o-wyjatkowej-biodostepnosci/209,
zmęczenie brak sił,140,48,>50,genoscope.pl,7,genoscope.pl/pl/blog/Ciagle-zmeczenie-i-sennosc-brak-energii.-Jak-temu-zaradzic/127,
maści na oparzenia skóry,140,49,>50,genoscope.pl,4,genoscope.pl/pl/blog/Oparzenia-jaka-masc-wybrac%2C-aby-skora-goila-sie-szybciej/158,
polskie nutraceutyki,140,29,>50,genoscope.pl,9,genoscope.pl/pl/blog/Nutraceutyki-naturalne-wsparcie-odpornosci-i-wzmocnienie-organizmu/98,
lek na odleżyny,140,30,>50,genoscope.pl,4,genoscope.pl/masc-na-odlezyny,
colostrum immunity,140,49,>50,genoscope.pl,9,genoscope.pl/produkty/colostrum-immune-60szt,
sea moss gdzie kupić,140,21,>50,genoscope.pl,9,genoscope.pl/pl/blog/Sea-moss%2C-czym-jest-mech-irlandzki-i-dlaczego-robi-sie-o-nim-glosno/214,
mech irlandzki właściwości,140,26,>50,genoscope.pl,9,genoscope.pl/pl/blog/Sea-moss%2C-czym-jest-mech-irlandzki-i-dlaczego-robi-sie-o-nim-glosno/214,
najlepszy lek na odporność,140,46,>50,genoscope.pl,6,genoscope.pl/pl/blog/Preparaty-na-odpornosc-co-dziala-naprawde%2C-a-czego-lepiej-unikac/187,
co jest dobre na odporność,140,56,>50,genoscope.pl,4,genoscope.pl/pl/blog/Naturalne-sposoby-na-odpornosc-i-wzmocnienie-organizmu/183,
rekomendacje medyczne przykłady,140,26,>50,genoscope.pl,5,genoscope.pl/rekomendacje-medyczne,
colostrum natural,140,45,21,colostrumactive.pl,2,colostrumactive.pl/produkt/colostrum-active-natural-kapsulki-60-szt-40-igg/,
brak energii do życia,110,52,>50,genoscope.pl,4,genoscope.pl/pl/blog/Ciagle-zmeczenie-i-sennosc-brak-energii.-Jak-temu-zaradzic/127,
na zmęczenie i brak energii,110,39,>50,genoscope.pl,5,genoscope.pl/pl/blog/Ciagle-zmeczenie-i-sennosc-brak-energii.-Jak-temu-zaradzic/127,
skuteczna maść na blizny,110,42,>50,genoscope.pl,3,genoscope.pl/masc-na-blizny,
maść na niegojące się rany,110,36,>50,genoscope.pl,6,genoscope.pl/pl/blog/Masc-ze-srebrem-na-rany-szybka-regeneracja-i-skuteczna-ochrona/149,
maść na otarcia dla dzieci,110,27,>50,genoscope.pl,1,genoscope.pl/pl/blog/Masc-na-rany-dla-dzieci-szybka-pomoc%2C-skuteczna-regeneracja/141,
maść na świeże blizny,110,38,>50,genoscope.pl,3,genoscope.pl/masc-na-blizny,
wieczne zmęczenie,110,47,>50,genoscope.pl,6,genoscope.pl/pl/blog/Ciagle-zmeczenie-i-sennosc-brak-energii.-Jak-temu-zaradzic/127,
colostrum efekty,110,43,32,genoscope.pl,10,genoscope.pl/pl/blog/Colostrum-co-to-jest-i-na-co-pomaga-Najsilniejszy-naturalny-sposob-na-odpornosc/130,
na rany dla dzieci,110,45,>50,genoscope.pl,4,genoscope.pl/pl/blog/Masc-na-rany-dla-dzieci-szybka-pomoc%2C-skuteczna-regeneracja/141,
co na wzmocnienie dla dziecka po chorobie,110,38,>50,genoscope.pl,4,genoscope.pl/pl/blog/Naturalne-sposoby-na-wzmocnienie-organizmu-dziecka-przed-powrotem-do-szkoly/86,
naturalne sposoby na wzmocnienie organizmu,110,37,>50,genoscope.pl,5,genoscope.pl/pl/blog/Naturalne-sposoby-na-odpornosc-i-wzmocnienie-organizmu/183,
maść na oparzenia ze srebrem bez recepty,110,21,>50,genoscope.pl,2,genoscope.pl/pl/blog/Masc-ze-srebrem-jak-dziala-i-kiedy-warto-po-nia-siegnac/148,
nacisk na pęcherz,110,44,>50,genoscope.pl,7,genoscope.pl/pl/blog/Ucisk%2C-pieczenie%2C-ciagle-wizyty-w-toalecie.-Co-na-pecherz-i-jak-wspierac-uklad-moczowy-na-co-dzien/228,
brak energii rano,110,50,>50,genoscope.pl,2,genoscope.pl/pl/blog/Ciagle-zmeczenie-i-sennosc-brak-energii.-Jak-temu-zaradzic/127,
naturalne probiotyki przy antybiotyku,110,39,>50,genoscope.pl,5,genoscope.pl/pl/blog/Naturalne-sposoby-na-wzmocnienie-organizmu-po-antybiotyku-odbuduj-odpornosc-krok-po-kroku/186,
colostrum jakie wybrać,110,32,26,genoscope.pl,4,genoscope.pl/pl/blog/Colostrum-dla-dzieci%2C-colostrum-junior-i-wybor-bez-zgadywania-jakie-colostrum-wybrac/223,
osłabienie po przeziębieniu,110,44,>50,genoscope.pl,10,genoscope.pl/pl/blog/Jak-naturalnie-wzmocnic-organizm-po-grypie-i-infekcjach-sezonowych/189,
jakie witaminy na wzmocnienie po operacji,110,31,>50,genoscope.pl,3,genoscope.pl/pl/c/Regeneracja-po-operacji/73,
co na wzmocnienie odporności,110,52,>50,genoscope.pl,9,genoscope.pl/pl/blog/Naturalne-sposoby-na-odpornosc-i-wzmocnienie-organizmu/183,
co brać na zmęczenie i senność,110,34,>50,genoscope.pl,10,genoscope.pl/pl/blog/Ciagle-zmeczenie-i-sennosc-brak-energii.-Jak-temu-zaradzic/127,
uczucie parcia na mocz,110,37,>50,genoscope.pl,9,genoscope.pl/pl/blog/Dyskomfort-pecherza-i-czeste-parcie-na-mocz-u-kobiet%2C-jak-wspierac-uklad-moczowy-na-co-dzien/232,
czym smarować stopę cukrzycową,110,29,>50,genoscope.pl,4,genoscope.pl/pl/blog/Stopa-cukrzycowa-jak-leczyc-i-dlaczego-Diabetegen-to-skuteczna-masc-dla-diabetykow/172,
ciagle zmeczenie i brak sil,110,42,>50,genoscope.pl,6,genoscope.pl/pl/blog/Ciagle-zmeczenie-i-sennosc-brak-energii.-Jak-temu-zaradzic/127,
preparaty wzmacniające organizm po operacji,110,25,>50,genoscope.pl,4,genoscope.pl/pl/c/Regeneracja-po-operacji/73,
najlepsza maść na blizny opinie,110,36,>50,genoscope.pl,6,genoscope.pl/pl/blog/Najlepsza-masc-na-blizny-pooperacyjne-jak-swiadomie-wspierac-regeneracje-skory/213,
uczucie ciągłego parcia na mocz,110,36,>50,genoscope.pl,8,genoscope.pl/pl/blog/Dyskomfort-pecherza-i-czeste-parcie-na-mocz-u-kobiet%2C-jak-wspierac-uklad-moczowy-na-co-dzien/232,
najlepsze na odporność,110,59,>50,genoscope.pl,5,genoscope.pl/pl/blog/Preparaty-na-odpornosc-co-dziala-naprawde%2C-a-czego-lepiej-unikac/187,
naturalne sposoby na odporność,110,38,>50,genoscope.pl,4,genoscope.pl/pl/blog/Naturalne-sposoby-na-odpornosc-i-wzmocnienie-organizmu/183,
siara kozia skutki uboczne,110,31,40,colostrumactive.pl,6,colostrumactive.pl/jakie-sa-skutki-uboczne-colostrum/,
kwas masłowy gdzie występuje,110,33,>50,colostrumactive.pl,5,colostrumactive.pl/kwas-maslowy-wlasciwosci-i-zastosowanie/,
maść na szwy pooperacyjne,90,35,>50,genoscope.pl,4,genoscope.pl/pl/blog/Najlepsza-masc-na-blizny-pooperacyjne-jak-swiadomie-wspierac-regeneracje-skory/213,
maść na stare odmrożenia,90,27,>50,genoscope.pl,3,genoscope.pl/pl/c/Odmrozenia/62,
jaka masc na rane,90,31,>50,genoscope.pl,7,genoscope.pl/pl/blog/Masc-ze-srebrem-na-rany-szybka-regeneracja-i-skuteczna-ochrona/149,
colostrum z mleka koziego,90,19,21,genoscope.pl,4,genoscope.pl/pl/c/Colostrum-Hypo/106,
krem na rany dla dzieci,90,31,>50,genoscope.pl,5,genoscope.pl/pl/blog/Masc-na-rany-dla-dzieci-szybka-pomoc%2C-skuteczna-regeneracja/141,
co oznacza ciągłe zmęczenie,90,41,>50,genoscope.pl,6,genoscope.pl/pl/blog/Ciagle-zmeczenie-i-sennosc-brak-energii.-Jak-temu-zaradzic/127,
odpornosc po antybiotyku,90,34,>50,genoscope.pl,5,genoscope.pl/pl/blog/Naturalne-sposoby-na-wzmocnienie-organizmu-po-antybiotyku-odbuduj-odpornosc-krok-po-kroku/186,
laktoferyna a żelazo,90,26,>50,genoscope.pl,4,genoscope.pl/pl/blog/Niedobor-zelaza-jak-colostrum-i-laktoferyna-poprawiaja-jego-wchlanianie/123,
poprawa odporności,90,55,>50,genoscope.pl,8,genoscope.pl/pl/blog/Naturalne-sposoby-na-odpornosc-i-wzmocnienie-organizmu/183,
co jest dobre na wzmocnienie organizmu,90,43,>50,genoscope.pl,5,genoscope.pl/pl/blog/Naturalne-sposoby-na-odpornosc-i-wzmocnienie-organizmu/183,
brak energii co robić,90,47,>50,genoscope.pl,6,genoscope.pl/pl/blog/Ciagle-zmeczenie-i-sennosc-brak-energii.-Jak-temu-zaradzic/127,
ciągła senność i zmęczenie,90,39,>50,genoscope.pl,6,genoscope.pl/pl/blog/Ciagle-zmeczenie-i-sennosc-brak-energii.-Jak-temu-zaradzic/127,
krem ze srebrem na rany,90,33,>50,genoscope.pl,2,genoscope.pl/pl/blog/Masc-ze-srebrem-na-rany-szybka-regeneracja-i-skuteczna-ochrona/149,
jaka maść na blizny,90,37,>50,genoscope.pl,6,genoscope.pl/pl/blog/Najlepsza-masc-na-blizny-pooperacyjne-jak-swiadomie-wspierac-regeneracje-skory/213,
ciągły brak energii,90,47,>50,genoscope.pl,5,genoscope.pl/pl/blog/Ciagle-zmeczenie-i-sennosc-brak-energii.-Jak-temu-zaradzic/127,
maść z nanosrebrem,90,25,>50,genoscope.pl,1,genoscope.pl/pl/blog/Masc-ze-srebrem-jak-dziala-i-kiedy-warto-po-nia-siegnac/148,
co zamiast probiotyku przy antybiotyku,90,32,>50,genoscope.pl,5,genoscope.pl/pl/blog/Naturalne-sposoby-na-wzmocnienie-organizmu-po-antybiotyku-odbuduj-odpornosc-krok-po-kroku/186,
maść na gojenie blizn,90,40,>50,genoscope.pl,3,genoscope.pl/masc-na-blizny,
spray z nanosrebrem,90,25,>50,genoscope.pl,5,genoscope.pl/pl/p/DERMFACTOR-90-ml-dezynfekujace-nanosrebro-w-aerozolu/138,
wzmacnianie odporności,90,55,>50,genoscope.pl,6,genoscope.pl/pl/blog/Naturalne-sposoby-na-odpornosc-i-wzmocnienie-organizmu/183,
ogólne zmęczenie,90,53,>50,genoscope.pl,7,genoscope.pl/pl/blog/Ciagle-zmeczenie-i-sennosc-brak-energii.-Jak-temu-zaradzic/127,
wieczne zmęczenie i senność,90,37,>50,genoscope.pl,6,genoscope.pl/pl/blog/Ciagle-zmeczenie-i-sennosc-brak-energii.-Jak-temu-zaradzic/127,
sennosc brak sil,90,49,>50,genoscope.pl,5,genoscope.pl/pl/blog/Ciagle-zmeczenie-i-sennosc-brak-energii.-Jak-temu-zaradzic/127,
żel ze srebrem na rany,90,24,>50,genoscope.pl,3,genoscope.pl/pl/blog/Masc-ze-srebrem-na-rany-szybka-regeneracja-i-skuteczna-ochrona/149,
co jest dobre na zmęczenie,90,44,>50,genoscope.pl,7,genoscope.pl/pl/blog/Ciagle-zmeczenie-i-sennosc-brak-energii.-Jak-temu-zaradzic/127,
dlaczego nie mam energii,90,54,>50,genoscope.pl,6,genoscope.pl/pl/blog/Ciagle-zmeczenie-i-sennosc-brak-energii.-Jak-temu-zaradzic/127,
maść na oparzenia bez recepty,90,26,>50,genoscope.pl,6,genoscope.pl/pl/blog/Oparzenia-jaka-masc-wybrac%2C-aby-skora-goila-sie-szybciej/158,
maść przeciw odleżynom,90,32,>50,genoscope.pl,4,genoscope.pl/masc-na-odlezyny,
maść na stopę cukrzycową,90,25,>50,genoscope.pl,3,genoscope.pl/pl/blog/Masc-z-colostrum%2C-czyli-skuteczna-pomoc-w-leczeniu-stopy-cukrzycowej/115,
maści na wysypki skórne,90,41,>50,genoscope.pl,10,genoscope.pl/pl/c/Wysypki/94,
brak sił po grypie,90,39,>50,genoscope.pl,7,genoscope.pl/pl/blog/Jak-naturalnie-wzmocnic-organizm-po-grypie-i-infekcjach-sezonowych/189,
maść na oparzenia roślinami,90,35,>50,genoscope.pl,4,genoscope.pl/pl/c/Oparzenia/61,
colostrum visanto na co pomaga,90,25,51,genoscope.pl,7,genoscope.pl/pl/blog/Na-co-pomaga-colostrum/65,
krem na odleżyny ze srebrem,90,22,>50,genoscope.pl,1,genoscope.pl/masc-na-odlezyny,
maść na ranę po oparzeniu,90,41,>50,genoscope.pl,2,genoscope.pl/pl/blog/Oparzenia-jaka-masc-wybrac%2C-aby-skora-goila-sie-szybciej/158,
nic mi się nie chce nie mam energii,90,45,>50,genoscope.pl,6,genoscope.pl/pl/blog/Ciagle-zmeczenie-i-sennosc-brak-energii.-Jak-temu-zaradzic/127,
najlepsza maść na rany pooperacyjne,90,32,>50,genoscope.pl,8,genoscope.pl/pl/blog/Najlepsza-masc-na-blizny-pooperacyjne-Eksperci-wskazuja-na-Diabetegen/156,
najlepsza maść na blizny pooperacyjne opinie,90,30,>50,genoscope.pl,6,genoscope.pl/pl/blog/Najlepsza-masc-na-blizny-pooperacyjne-jak-swiadomie-wspierac-regeneracje-skory/213,
osłabienie po chorobie wirusowej,90,37,>50,genoscope.pl,9,genoscope.pl/pl/blog/Jak-naturalnie-wzmocnic-organizm-po-grypie-i-infekcjach-sezonowych/189,
colostrum wołowe na co pomaga,90,29,>50,genoscope.pl,7,genoscope.pl/pl/blog/Na-co-pomaga-colostrum/65,
jak odbudować organizm po antybiotyku,90,33,>50,genoscope.pl,3,genoscope.pl/pl/blog/Naturalne-sposoby-na-wzmocnienie-organizmu-po-antybiotyku-odbuduj-odpornosc-krok-po-kroku/186,
ciezkosc na brzuchu,90,38,>50,genoscope.pl,9,genoscope.pl/pl/blog/Wzdecia%2C-uczucie-ciezkosci-i-niespokojny-brzuch%2C-co-naprawde-wspiera-trawienie/230,
osłabienie i senność,70,48,>50,genoscope.pl,6,genoscope.pl/pl/blog/Ciagle-zmeczenie-i-sennosc-brak-energii.-Jak-temu-zaradzic/127,
colostrum na co działa,70,39,18,genoscope.pl,9,genoscope.pl/pl/blog/Colostrum-co-to-jest%2C-na-co-dziala-i-jak-je-stosowac/169,
jogurt przy antybiotyku,70,35,>50,genoscope.pl,6,genoscope.pl/pl/blog/Naturalne-sposoby-na-wzmocnienie-organizmu-po-antybiotyku-odbuduj-odpornosc-krok-po-kroku/186,
co na ciągłe zmęczenie,70,42,>50,genoscope.pl,4,genoscope.pl/pl/blog/Ciagle-zmeczenie-i-sennosc-brak-energii.-Jak-temu-zaradzic/127,
siara od krowy dla ludzi,70,29,26,genoscope.pl,2,genoscope.pl/pl/blog/Siara-bydleca-co-to-jest-i-dlaczego-warto-po-nia-siegnac/170,
maść na rany cukrzycowe,70,22,>50,genoscope.pl,3,genoscope.pl/pl/p/DIABETEGEN-ze-srebrem-kuracja-10-dniowa-20ml/157,
regeneracja po antybiotyku,70,39,>50,genoscope.pl,4,genoscope.pl/pl/blog/Naturalne-sposoby-na-wzmocnienie-organizmu-po-antybiotyku-odbuduj-odpornosc-krok-po-kroku/186,
podniesienie odporności,70,56,>50,genoscope.pl,7,genoscope.pl/pl/blog/Naturalne-sposoby-na-odpornosc-i-wzmocnienie-organizmu/183,
maść z kolagenem na blizny,70,32,>50,genoscope.pl,5,genoscope.pl/masc-na-blizny,
co po antybiotykoterapii,70,45,>50,genoscope.pl,4,genoscope.pl/pl/blog/Naturalne-sposoby-na-wzmocnienie-organizmu-po-antybiotyku-odbuduj-odpornosc-krok-po-kroku/186,
kosmetyki ze srebrem,70,28,>50,genoscope.pl,7,genoscope.pl/pl/blog/Masc-ze-srebrem-jak-dziala-i-kiedy-warto-po-nia-siegnac/148,
colostrum właściwości lecznicze,70,38,12,genoscope.pl,9,genoscope.pl/pl/blog/Jak-colostrum-wspiera-odpornosc-i-regeneracje-Naturalne-suplementy-diety-dla-zdrowia/117,
maść na blizny efekty,70,37,>50,genoscope.pl,5,genoscope.pl/masc-na-blizny,
krem z nanosrebrem,70,29,>50,genoscope.pl,6,genoscope.pl/pl/blog/Masc-ze-srebrem-jak-dziala-i-kiedy-warto-po-nia-siegnac/148,
srebro na rany opinie,70,36,>50,genoscope.pl,4,genoscope.pl/pl/blog/Masc-ze-srebrem-na-rany-szybka-regeneracja-i-skuteczna-ochrona/149,
co na rany u dziecka,70,44,>50,genoscope.pl,7,genoscope.pl/pl/blog/Masc-na-rany-dla-dzieci-szybka-pomoc%2C-skuteczna-regeneracja/141,
srebro w aerozolu,70,37,>50,genoscope.pl,6,genoscope.pl/pl/blog/Srebro-koloidalne-w-sprayu-naturalna-pomoc-na-rany%2C-tradzik-i-podraznienia/168,
regeneracja naskórka,70,48,>50,genoscope.pl,9,genoscope.pl/pl/blog/Masc-z-colostrum-na-sucha-skore-i-regeneracje-naskorka-Diabetegen/142,
uczucie wzdęcia,70,49,>50,genoscope.pl,6,genoscope.pl/pl/blog/Wzdecia%2C-uczucie-ciezkosci-i-niespokojny-brzuch%2C-co-naprawde-wspiera-trawienie/230,
co pomaga na zmęczenie,70,45,>50,genoscope.pl,6,genoscope.pl/pl/blog/Ciagle-zmeczenie-i-sennosc-brak-energii.-Jak-temu-zaradzic/127,
złe samopoczucie brak siły,70,41,>50,genoscope.pl,6,genoscope.pl/pl/blog/Ciagle-zmeczenie-i-sennosc-brak-energii.-Jak-temu-zaradzic/127,
chroniczne zmęczenie i senność,70,47,>50,genoscope.pl,6,genoscope.pl/pl/blog/Ciagle-zmeczenie-i-sennosc-brak-energii.-Jak-temu-zaradzic/127,
uczucie ucisku na pęcherz,70,37,>50,genoscope.pl,5,genoscope.pl/pl/blog/Ucisk%2C-pieczenie%2C-ciagle-wizyty-w-toalecie.-Co-na-pecherz-i-jak-wspierac-uklad-moczowy-na-co-dzien/228,
maść ze srebrem na rany cena,70,34,>50,genoscope.pl,3,genoscope.pl/pl/blog/Masc-ze-srebrem-na-rany-szybka-regeneracja-i-skuteczna-ochrona/149,
co na wzmocnienie po grypie,70,30,>50,genoscope.pl,4,genoscope.pl/pl/blog/Jak-naturalnie-wzmocnic-organizm-po-grypie-i-infekcjach-sezonowych/189,
srebro na trądzik,70,27,>50,genoscope.pl,7,genoscope.pl › Blog/,
co moze oznaczac ciagle zmeczenie,70,34,>50,genoscope.pl,8,genoscope.pl/pl/blog/Ciagle-zmeczenie-i-sennosc-brak-energii.-Jak-temu-zaradzic/127,
tabletki na przyrost masy,70,39,>50,genoscope.pl,1,genoscope.pl/produkty/colostrum-sport-tabletki-60szt,
pełność w brzuchu,70,39,>50,genoscope.pl,7,genoscope.pl/pl/blog/Wzdecia%2C-uczucie-ciezkosci-i-niespokojny-brzuch%2C-co-naprawde-wspiera-trawienie/230,
złota maść na rany,70,36,>50,genoscope.pl,6,genoscope.pl/pl/blog/Masc-ze-srebrem-na-rany-szybka-regeneracja-i-skuteczna-ochrona/149,
krem na oparzenia ze srebrem,70,27,>50,genoscope.pl,3,genoscope.pl/pl/blog/Masc-ze-srebrem-jak-dziala-i-kiedy-warto-po-nia-siegnac/148,
uczucie pełności w jelitach,70,39,>50,genoscope.pl,6,genoscope.pl/pl/blog/Wzdecia%2C-uczucie-ciezkosci-i-niespokojny-brzuch%2C-co-naprawde-wspiera-trawienie/230,
zmarznięte dłonie,70,48,>50,genoscope.pl,3,genoscope.pl/pl/blog/Krem-na-odmrozone-dlonie-jak-skutecznie-regenerowac-skore-zima/208,
colostrum ranking,70,41,12,genoscope.pl,9,genoscope.pl/pl/blog/Colostrum-kapsulki-jak-wybrac-najlepsze-i-dlaczego-warto-je-stosowac/131,
osłabiony organizm po antybiotyku,70,38,>50,genoscope.pl,6,genoscope.pl/pl/blog/Naturalne-sposoby-na-wzmocnienie-organizmu-po-antybiotyku-odbuduj-odpornosc-krok-po-kroku/186,
uczucie ciężkiego brzucha,70,43,>50,genoscope.pl,4,genoscope.pl/pl/blog/Wzdecia%2C-uczucie-ciezkosci-i-niespokojny-brzuch%2C-co-naprawde-wspiera-trawienie/230,
mech irlandzki właściwości lecznicze,70,23,>50,genoscope.pl,9,genoscope.pl/pl/blog/Sea-moss%2C-czym-jest-mech-irlandzki-i-dlaczego-robi-sie-o-nim-glosno/214,
dlaczego nie mam siły,70,51,>50,genoscope.pl,6,genoscope.pl/pl/blog/Ciagle-zmeczenie-i-sennosc-brak-energii.-Jak-temu-zaradzic/127,
maść ze srebrem na rany pooperacyjne,70,29,>50,genoscope.pl,1,genoscope.pl/pl/blog/Masc-ze-srebrem-na-rany-szybka-regeneracja-i-skuteczna-ochrona/149,
masc na gojace rany,70,47,>50,genoscope.pl,8,genoscope.pl/pl/blog/Masc-ze-srebrem-na-rany-szybka-regeneracja-i-skuteczna-ochrona/149,
maść na odmrożenia po krioterapii,70,22,>50,genoscope.pl,3,genoscope.pl/pl/c/Odmrozenia/62,
maść na regenerację skóry,70,27,>50,genoscope.pl,1,genoscope.pl/produkty/diabetegen-wspomagajacy-regeneracje-40g,
maść gojącą dla cukrzyków,70,22,>50,genoscope.pl,2,genoscope.pl/produkty/diabetegen-wspomagajacy-regeneracje-40g,
kuracja colostrum,70,39,12,genoscope.pl,6,genoscope.pl/pl/blog/Colostrum-co-to-jest-i-na-co-pomaga-Najsilniejszy-naturalny-sposob-na-odpornosc/130,
sea moss właściwości,70,26,>50,genoscope.pl,9,genoscope.pl/pl/blog/Sea-moss%2C-czym-jest-mech-irlandzki-i-dlaczego-robi-sie-o-nim-glosno/214,
co na odporność organizmu,70,55,>50,genoscope.pl,6,genoscope.pl/pl/blog/Naturalne-sposoby-na-odpornosc-i-wzmocnienie-organizmu/183,
mąką ziemniaczana na odleżyny,70,28,>50,genoscope.pl,10,genoscope.pl/pl/blog/Odlezyny-jak-im-zapobiegac-i-czym-je-skutecznie-pielegnowac/155,
jakie leki na odporność,70,49,>50,genoscope.pl,8,genoscope.pl/pl/blog/Preparaty-na-odpornosc-co-dziala-naprawde%2C-a-czego-lepiej-unikac/187,
jak się wzmocnić po grypie,70,36,>50,genoscope.pl,5,genoscope.pl/pl/blog/Jak-naturalnie-wzmocnic-organizm-po-grypie-i-infekcjach-sezonowych/189,
niski poziom energii życiowej,70,36,>50,genoscope.pl,4,genoscope.pl/pl/blog/Ciagle-zmeczenie-i-sennosc-brak-energii.-Jak-temu-zaradzic/127,
uczucie pełności w brzuchu i gazy,70,32,>50,genoscope.pl,6,genoscope.pl/pl/blog/Wzdecia%2C-uczucie-ciezkosci-i-niespokojny-brzuch%2C-co-naprawde-wspiera-trawienie/230,
sea moss tabletki,70,24,>50,genoscope.pl,6,genoscope.pl/pl/blog/Sea-moss%2C-czym-jest-mech-irlandzki-i-dlaczego-robi-sie-o-nim-glosno/214,
kwas masłowy czy jest szkodliwy,70,22,>50,colostrumactive.pl,5,colostrumactive.pl/kwas-maslowy-wlasciwosci-i-zastosowanie/,
najlepsze na oparzenia,50,45,>50,genoscope.pl,7,genoscope.pl/pl/blog/Oparzenia-jaka-masc-wybrac%2C-aby-skora-goila-sie-szybciej/158,
maść na zadrapania na twarzy dla dzieci,50,27,>50,genoscope.pl,3,genoscope.pl/pl/blog/Masc-na-rany-dla-dzieci-szybka-pomoc%2C-skuteczna-regeneracja/141,
co na mocne oparzenie,50,37,>50,genoscope.pl,10,genoscope.pl/pl/blog/Oparzenia-jaka-masc-wybrac%2C-aby-skora-goila-sie-szybciej/158,
co na uodpornienie,50,48,>50,genoscope.pl,10,genoscope.pl/pl/blog/Naturalne-sposoby-na-odpornosc-i-wzmocnienie-organizmu/183,
maść na zadrapania dla dzieci,50,27,>50,genoscope.pl,2,genoscope.pl/pl/blog/Masc-na-rany-dla-dzieci-szybka-pomoc%2C-skuteczna-regeneracja/141,
co oznacza ciągłe zmęczenie i senność,50,35,>50,genoscope.pl,7,genoscope.pl/pl/blog/Ciagle-zmeczenie-i-sennosc-brak-energii.-Jak-temu-zaradzic/127,
regeneracja błony śluzowej jelit,50,33,>50,genoscope.pl,2,genoscope.pl/pl/blog/Colostrum-na-jelita-naturalna-regeneracja-i-wsparcie-dla-ukladu-pokarmowego/134,
maść z jonami srebra na oparzenia,50,26,>50,genoscope.pl,1,genoscope.pl/pl/blog/Masc-ze-srebrem-jak-dziala-i-kiedy-warto-po-nia-siegnac/148,
krem na odmrożenia,50,31,>50,genoscope.pl,3,genoscope.pl/pl/c/Odmrozenia/62,
ciągłe osłabienie organizmu,50,45,>50,genoscope.pl,3,genoscope.pl/pl/blog/Ciagle-zmeczenie-i-sennosc-brak-energii.-Jak-temu-zaradzic/127,
colostrum zastosowanie,50,43,11,genoscope.pl,6,genoscope.pl/pl/blog/Colostrum-co-to-jest-i-na-co-pomaga-Najsilniejszy-naturalny-sposob-na-odpornosc/130,
kuracja po antybiotyku,50,43,>50,genoscope.pl,4,genoscope.pl/pl/blog/Naturalne-sposoby-na-wzmocnienie-organizmu-po-antybiotyku-odbuduj-odpornosc-krok-po-kroku/186,
leki na odmrożenia,50,33,>50,genoscope.pl,5,genoscope.pl/pl/c/Odmrozenia/62,
tabletki dla kierowców tirów,50,16,>50,genoscope.pl,1,genoscope.pl/pl/c/Dla-kierowcow/103,
krem ze srebrem na trądzik,50,19,>50,genoscope.pl,10,genoscope.pl/pl/blog/Masc-ze-srebrem-jak-dziala-i-kiedy-warto-po-nia-siegnac/148,
co na przemęczenie organizmu,50,39,>50,genoscope.pl,6,genoscope.pl/pl/blog/Chroniczne-przemeczenie-jak-odzyskac-energie/126,
nagłe zmęczenie,50,48,>50,genoscope.pl,7,genoscope.pl/pl/blog/Ciagle-zmeczenie-i-sennosc-brak-energii.-Jak-temu-zaradzic/127,
krem z jonami srebra na rany,50,22,>50,genoscope.pl,2,genoscope.pl/pl/blog/Masc-ze-srebrem-jak-dziala-i-kiedy-warto-po-nia-siegnac/148,
jak wzmocnić dziecko po antybiotyku,50,32,>50,genoscope.pl,7,genoscope.pl/pl/blog/Naturalne-sposoby-na-wzmocnienie-organizmu-po-antybiotyku-odbuduj-odpornosc-krok-po-kroku/186,
czym smarować skórę po oparzeniu,50,32,>50,genoscope.pl,10,genoscope.pl/pl/blog/Oparzenia-jaka-masc-wybrac%2C-aby-skora-goila-sie-szybciej/158,
co na osłabienie po chorobie,50,36,>50,genoscope.pl,10,genoscope.pl/pl/blog/Jak-naturalnie-wzmocnic-organizm-po-grypie-i-infekcjach-sezonowych/189,
co na zmęczenie i senność,50,42,>50,genoscope.pl,6,genoscope.pl/pl/blog/Ciagle-zmeczenie-i-sennosc-brak-energii.-Jak-temu-zaradzic/127,
co na osłabienie po grypie,50,32,>50,genoscope.pl,5,genoscope.pl/pl/blog/Jak-naturalnie-wzmocnic-organizm-po-grypie-i-infekcjach-sezonowych/189,
co po antybiotyku na wzmocnienie,50,36,>50,genoscope.pl,2,genoscope.pl/pl/blog/Naturalne-sposoby-na-wzmocnienie-organizmu-po-antybiotyku-odbuduj-odpornosc-krok-po-kroku/186,
peeling z korundem,50,28,>50,genoscope.pl,4,genoscope.pl/pl/p/DERMFACTOR-3-50-ml-bioactive-peeling-z-korundem-oraz-colostrum/162,
colostrum siara kozia,50,24,>50,genoscope.pl,3,genoscope.pl/pl/blog/Siara-kozia-naturalne-wsparcie-organizmu-o-wyjatkowej-biodostepnosci/209,
siara bydlęca właściwości,50,37,22,genoscope.pl,7,genoscope.pl/pl/blog/Siara-bydleca-co-to-jest-i-dlaczego-warto-po-nia-siegnac/170,
kuracja na odpornosc,50,55,>50,genoscope.pl,10,genoscope.pl/zastosowania/wzmocnienie-odpornosci,
uczucie pełnych jelit,50,42,>50,genoscope.pl,6,genoscope.pl/pl/blog/Wzdecia%2C-uczucie-ciezkosci-i-niespokojny-brzuch%2C-co-naprawde-wspiera-trawienie/230,
zwiększenie odporności,50,58,>50,genoscope.pl,7,genoscope.pl/pl/blog/Naturalne-sposoby-na-odpornosc-i-wzmocnienie-organizmu/183,
ogromne zmęczenie,50,47,>50,genoscope.pl,6,genoscope.pl/pl/blog/Ciagle-zmeczenie-i-sennosc-brak-energii.-Jak-temu-zaradzic/127,
czym smarować zadrapania u niemowlaka,50,27,>50,genoscope.pl,4,genoscope.pl/pl/blog/Masc-na-rany-dla-dzieci-szybka-pomoc%2C-skuteczna-regeneracja/141,
jak sie wzmocnic po antybiotyku,50,34,>50,genoscope.pl,5,genoscope.pl/pl/blog/Naturalne-sposoby-na-wzmocnienie-organizmu-po-antybiotyku-odbuduj-odpornosc-krok-po-kroku/186,
colostrum kozie działanie,50,36,>50,genoscope.pl,5,genoscope.pl/pl/c/Colostrum-Hypo/106,
przemarznięte dłonie,50,31,>50,genoscope.pl,3,genoscope.pl/pl/blog/Krem-na-odmrozone-dlonie-jak-skutecznie-regenerowac-skore-zima/208,
tabletki na porost miesni,50,47,>50,genoscope.pl,10,genoscope.pl/produkty/colostrum-sport-tabletki-60szt,
zmęczenie senność osłabienie brak energii,50,33,>50,genoscope.pl,6,genoscope.pl/pl/blog/Ciagle-zmeczenie-i-sennosc-brak-energii.-Jak-temu-zaradzic/127,
maść na gojenie ran dla dzieci,50,27,>50,genoscope.pl,4,genoscope.pl/pl/blog/Masc-na-rany-dla-dzieci-szybka-pomoc%2C-skuteczna-regeneracja/141,
co może uciskać na pęcherz,50,33,>50,genoscope.pl,10,genoscope.pl/pl/blog/Ucisk%2C-pieczenie%2C-ciagle-wizyty-w-toalecie.-Co-na-pecherz-i-jak-wspierac-uklad-moczowy-na-co-dzien/228,
jak odzyskać siły po grypie,50,31,>50,genoscope.pl,4,genoscope.pl/pl/blog/Jak-naturalnie-wzmocnic-organizm-po-grypie-i-infekcjach-sezonowych/189,
rekomendacja produktu medycznego,50,23,>50,genoscope.pl,2,genoscope.pl/rekomendacje-medyczne,
odmrożone ręce jak leczyć,50,31,>50,genoscope.pl,9,genoscope.pl/pl/blog/Krem-na-odmrozone-dlonie-jak-skutecznie-regenerowac-skore-zima/208,
brak sil i zmeczenie,50,37,>50,genoscope.pl,4,genoscope.pl/pl/blog/Ciagle-zmeczenie-i-sennosc-brak-energii.-Jak-temu-zaradzic/127,
dlaczego jestem zmęczona,50,49,>50,genoscope.pl,8,genoscope.pl/pl/blog/Ciagle-zmeczenie-i-sennosc-brak-energii.-Jak-temu-zaradzic/127,
co podać dziecku na osłabienie,50,26,>50,genoscope.pl,8,genoscope.pl/pl/blog/Naturalne-sposoby-na-wzmocnienie-organizmu-dziecka-przed-powrotem-do-szkoly/86,
nie mam energii,50,54,>50,genoscope.pl,6,genoscope.pl/pl/blog/Ciagle-zmeczenie-i-sennosc-brak-energii.-Jak-temu-zaradzic/127,
siara kozia właściwości,50,32,>50,genoscope.pl,4,genoscope.pl/pl/blog/Colostrum-kozie-dla-doroslych-naturalne-wsparcie-odpornosci-i-zdrowia/92,
czym smarować rany cukrzycowe,50,24,>50,genoscope.pl,9,genoscope.pl/pl/blog/Stopa-cukrzycowa-jak-leczyc-i-dlaczego-Diabetegen-to-skuteczna-masc-dla-diabetykow/172,
po grypie jestem osłabiona,50,38,>50,genoscope.pl,10,genoscope.pl/pl/blog/Jak-naturalnie-wzmocnic-organizm-po-grypie-i-infekcjach-sezonowych/189,
żel na oparzenia 2 stopnia,50,35,>50,genoscope.pl,6,genoscope.pl/pl/blog/Oparzenia-jaka-masc-wybrac%2C-aby-skora-goila-sie-szybciej/158,
blizna przerostowa maść,50,38,>50,genoscope.pl,5,genoscope.pl/masc-na-blizny,
co na otarcia u dziecka,50,44,>50,genoscope.pl,7,genoscope.pl/pl/blog/Masc-na-rany-dla-dzieci-szybka-pomoc%2C-skuteczna-regeneracja/141,
zmeczenie caly czas,50,42,>50,genoscope.pl,8,genoscope.pl/pl/blog/Ciagle-zmeczenie-i-sennosc-brak-energii.-Jak-temu-zaradzic/127,
skuteczna maść na odleżyny,50,29,>50,genoscope.pl,3,genoscope.pl/masc-na-odlezyny,
maść regenerująca skórę,50,35,>50,genoscope.pl,2,genoscope.pl/pl/blog/Masc-z-colostrum-na-sucha-skore-i-regeneracje-naskorka-Diabetegen/142,
brak sił przyczyny,50,48,>50,genoscope.pl,6,genoscope.pl/pl/blog/Ciagle-zmeczenie-i-sennosc-brak-energii.-Jak-temu-zaradzic/127,
co na osłabienie podczas choroby,50,38,>50,genoscope.pl,5,genoscope.pl/pl/blog/Jak-naturalnie-wzmocnic-organizm-po-grypie-i-infekcjach-sezonowych/189,
kozie kolostrum,50,28,>50,genoscope.pl,3,genoscope.pl/produkty/colostrum-hypo-45kaps,
maść na keloidy,50,38,>50,genoscope.pl,3,genoscope.pl/masc-na-blizny,
maść ze srebrem na receptę,50,27,>50,genoscope.pl,3,genoscope.pl/pl/blog/Masc-ze-srebrem-na-rany-szybka-regeneracja-i-skuteczna-ochrona/149,
czym wzmocnić organizm po antybiotyku,50,38,>50,genoscope.pl,5,genoscope.pl/pl/blog/Naturalne-sposoby-na-wzmocnienie-organizmu-po-antybiotyku-odbuduj-odpornosc-krok-po-kroku/186,
brak siły osłabienie,50,48,>50,genoscope.pl,5,genoscope.pl/pl/blog/Ciagle-zmeczenie-i-sennosc-brak-energii.-Jak-temu-zaradzic/127,
nutraceutyki opinie,50,28,>50,genoscope.pl,10,genoscope.pl/pl/blog/Nutraceutyki-naturalne-wsparcie-odpornosci-i-wzmocnienie-organizmu/98,
colostrum maść opinie,50,19,16,genoscope.pl,4,genoscope.pl/pl/blog/Colostrum-masc%2C-czyli-masc-regenerujaco-kojaca/137,
maść na neuropatię cukrzycową,50,20,>50,genoscope.pl,10,genoscope.pl/pl/blog/Masc-z-colostrum%2C-czyli-skuteczna-pomoc-w-leczeniu-stopy-cukrzycowej/115,
mech irlandzki tabletki,50,23,>50,genoscope.pl,5,genoscope.pl/pl/blog/Sea-moss%2C-czym-jest-mech-irlandzki-i-dlaczego-robi-sie-o-nim-glosno/214,
zestaw witamin po operacji,50,29,>50,genoscope.pl,10,genoscope.pl/pl/c/Regeneracja-po-operacji/73,
colostrum zastosowanie,50,43,11,colostrumactive.pl,8,colostrumactive.pl/colostrum-wlasciwosci-zastosowanie/,
colostrum owcze,50,31,24,colostrumactive.pl,3,colostrumactive.pl/colostrum-kozie-bydlece-i-owcze-porownanie/,
co pomaga na osłabienie organizmu,40,43,>50,genoscope.pl,9,genoscope.pl/pl/blog/Chroniczne-przemeczenie-jak-odzyskac-energie/126,
jaka maść na odleżyny,40,30,>50,genoscope.pl,1,genoscope.pl/masc-na-odlezyny,
srebro w sprayu apteka,40,22,>50,genoscope.pl,5,genoscope.pl/pl/blog/Srebro-koloidalne-w-sprayu-naturalna-pomoc-na-rany%2C-tradzik-i-podraznienia/168,
pieczenie i parcie na mocz,40,34,>50,genoscope.pl,8,genoscope.pl/pl/blog/Dyskomfort-pecherza-i-czeste-parcie-na-mocz-u-kobiet%2C-jak-wspierac-uklad-moczowy-na-co-dzien/232,
maść na oparzenia termiczne,40,34,>50,genoscope.pl,3,genoscope.pl/pl/blog/Oparzenia-jaka-masc-wybrac%2C-aby-skora-goila-sie-szybciej/158,
siara od krowy,40,37,26,genoscope.pl,2,genoscope.pl/pl/blog/Siara-bydleca-co-to-jest-i-dlaczego-warto-po-nia-siegnac/170,
co stosować na oparzenia skóry,40,36,>50,genoscope.pl,10,genoscope.pl/pl/blog/Oparzenia-jaka-masc-wybrac%2C-aby-skora-goila-sie-szybciej/158,
wieczne zmęczenie przyczyny,40,51,>50,genoscope.pl,9,genoscope.pl/pl/blog/Ciagle-zmeczenie-i-sennosc-brak-energii.-Jak-temu-zaradzic/127,
srebro do odkażania ran,40,30,>50,genoscope.pl,9,genoscope.pl/niegojace-sie-rany,
jak pielęgnować odleżyny,40,32,>50,genoscope.pl,9,genoscope.pl/pl/blog/Odlezyny-jak-im-zapobiegac-i-czym-je-skutecznie-pielegnowac/155,
ospalosc i zmeczenie,40,37,>50,genoscope.pl,6,genoscope.pl/pl/blog/Ciagle-zmeczenie-i-sennosc-brak-energii.-Jak-temu-zaradzic/127,
colostrum immuno,40,32,>50,genoscope.pl,4,genoscope.pl/produkty/colostrum-immune-60szt,
na gojenie ran dla dzieci,40,36,>50,genoscope.pl,4,genoscope.pl/pl/blog/Masc-na-rany-dla-dzieci-szybka-pomoc%2C-skuteczna-regeneracja/141,
przemęczenie organizmu jak leczyć,40,38,>50,genoscope.pl,10,genoscope.pl/pl/blog/Chroniczne-przemeczenie-jak-odzyskac-energie/126,
masc na zadrapania i blizny,40,35,>50,genoscope.pl,2,genoscope.pl/masc-na-blizny,
suplementy na brak energii,40,49,>50,genoscope.pl,8,genoscope.pl/pl/blog/Ciagle-zmeczenie-i-sennosc-brak-energii.-Jak-temu-zaradzic/127,
srebro do gojenia ran,40,35,>50,genoscope.pl,8,genoscope.pl/pl/blog/Masc-ze-srebrem-na-rany-szybka-regeneracja-i-skuteczna-ochrona/149,
niemiecka maść na odleżyny,40,20,>50,genoscope.pl,6,genoscope.pl/masc-na-odlezyny,
ciągłe zmęczenie i osłabienie,40,47,>50,genoscope.pl,5,genoscope.pl/pl/blog/Ciagle-zmeczenie-i-sennosc-brak-energii.-Jak-temu-zaradzic/127,
maść na blizny po cięciu,40,34,>50,genoscope.pl,4,genoscope.pl/masc-na-blizny,
co wzmacnia organizm,40,48,>50,genoscope.pl,6,genoscope.pl/pl/blog/Naturalne-sposoby-na-odpornosc-i-wzmocnienie-organizmu/183,
senność zmęczenie brak energii,40,38,>50,genoscope.pl,4,genoscope.pl/pl/blog/Ciagle-zmeczenie-i-sennosc-brak-energii.-Jak-temu-zaradzic/127,
rekonwalescencja po antybiotyku,40,31,>50,genoscope.pl,5,genoscope.pl/pl/blog/Naturalne-sposoby-na-wzmocnienie-organizmu-po-antybiotyku-odbuduj-odpornosc-krok-po-kroku/186,
wzmocnienie po antybiotyku,40,40,>50,genoscope.pl,3,genoscope.pl/pl/blog/Naturalne-sposoby-na-wzmocnienie-organizmu-po-antybiotyku-odbuduj-odpornosc-krok-po-kroku/186,
krem na stopę cukrzycową,40,26,>50,genoscope.pl,5,genoscope.pl/pl/blog/Masc-z-colostrum%2C-czyli-skuteczna-pomoc-w-leczeniu-stopy-cukrzycowej/115,
jaki krem na oparzenia,40,39,>50,genoscope.pl,7,genoscope.pl/pl/blog/Oparzenia-jaka-masc-wybrac%2C-aby-skora-goila-sie-szybciej/158,
brak energii i chęci do życia,40,40,>50,genoscope.pl,5,genoscope.pl/pl/blog/Ciagle-zmeczenie-i-sennosc-brak-energii.-Jak-temu-zaradzic/127,
odleżyna na pięcie czym smarować,40,26,>50,genoscope.pl,9,genoscope.pl/pl/blog/Odlezyny-jak-im-zapobiegac-i-czym-je-skutecznie-pielegnowac/155,
colostrum które wybrać,40,36,23,genoscope.pl,5,genoscope.pl/pl/blog/Colostrum-dla-dzieci%2C-colostrum-junior-i-wybor-bez-zgadywania-jakie-colostrum-wybrac/223,
tabletki na przyrost masy mięśniowej,40,35,>50,genoscope.pl,3,genoscope.pl/produkty/colostrum-sport-tabletki-60szt,
wzdęcia brzucha uczucie pełności,40,39,>50,genoscope.pl,7,genoscope.pl/pl/blog/Wzdecia%2C-uczucie-ciezkosci-i-niespokojny-brzuch%2C-co-naprawde-wspiera-trawienie/230,
krem na oparzenia skóry,40,37,>50,genoscope.pl,9,genoscope.pl/pl/blog/Oparzenia-jaka-masc-wybrac%2C-aby-skora-goila-sie-szybciej/158,
dobra maść na oparzenia,40,38,>50,genoscope.pl,3,genoscope.pl/pl/blog/Oparzenia-jaka-masc-wybrac%2C-aby-skora-goila-sie-szybciej/158,
krem na rany i blizny,40,37,>50,genoscope.pl,8,genoscope.pl/masc-na-blizny,https://genactiv.pl/products/krem-z-colostrum-genactiv
wzmocnienie organizmu po antybiotyku,40,34,>50,genoscope.pl,3,genoscope.pl/pl/blog/Naturalne-sposoby-na-wzmocnienie-organizmu-po-antybiotyku-odbuduj-odpornosc-krok-po-kroku/186,
maść na otarcia naskórka,40,44,>50,genoscope.pl,9,genoscope.pl/pl/blog/Masc-na-rany-dla-dzieci-szybka-pomoc%2C-skuteczna-regeneracja/141,
wzdęcia odbijanie uczucie pełności,40,37,>50,genoscope.pl,7,genoscope.pl/pl/blog/Wzdecia%2C-uczucie-ciezkosci-i-niespokojny-brzuch%2C-co-naprawde-wspiera-trawienie/230,
organizm po antybiotyku,40,40,>50,genoscope.pl,4,genoscope.pl/pl/blog/Naturalne-sposoby-na-wzmocnienie-organizmu-po-antybiotyku-odbuduj-odpornosc-krok-po-kroku/186,
witaminy po antybiotyku dla dzieci,40,28,>50,genoscope.pl,8,genoscope.pl/pl/blog/Naturalne-sposoby-na-wzmocnienie-organizmu-po-antybiotyku-odbuduj-odpornosc-krok-po-kroku/186,
maść ze srebrem na rany na receptę,40,22,>50,genoscope.pl,1,genoscope.pl/pl/blog/Masc-ze-srebrem-na-rany-szybka-regeneracja-i-skuteczna-ochrona/149,
witaminy po operacji,40,34,>50,genoscope.pl,4,genoscope.pl/pl/c/Regeneracja-po-operacji/73,
co na zadrapania u dzieci,40,37,>50,genoscope.pl,6,genoscope.pl/pl/blog/Masc-na-rany-dla-dzieci-szybka-pomoc%2C-skuteczna-regeneracja/141,
maść ze srebrem na oparzenia na receptę,40,25,>50,genoscope.pl,4,genoscope.pl/pl/blog/Masc-ze-srebrem-jak-dziala-i-kiedy-warto-po-nia-siegnac/148,
co na odmrożenie skóry,40,36,>50,genoscope.pl,7,genoscope.pl/pl/c/Odmrozenia/62,
maść na stope cukrzycowa bez recepty,40,13,>50,genoscope.pl,2,genoscope.pl/pl/blog/Stopa-cukrzycowa-jak-leczyc-i-dlaczego-Diabetegen-to-skuteczna-masc-dla-diabetykow/172,
maść z nanosrebrem na rany,40,33,>50,genoscope.pl,2,genoscope.pl/pl/blog/Masc-ze-srebrem-jak-dziala-i-kiedy-warto-po-nia-siegnac/148,
srebro do psikania na rany,40,23,>50,genoscope.pl,9,genoscope.pl/niegojace-sie-rany,
jak wyglądają odmrożone dłonie,40,29,>50,genoscope.pl,8,genoscope.pl/pl/blog/Krem-na-odmrozone-dlonie-jak-skutecznie-regenerowac-skore-zima/208,
colostrum kozie czerniak,40,30,>50,genoscope.pl,6,genoscope.pl/pl/blog/Colostrum-w-profilaktyce-i-leczeniu-chorob-nowotworowych/40,
co zwiększa odporność,40,57,>50,genoscope.pl,9,genoscope.pl/pl/blog/Naturalne-sposoby-na-odpornosc-i-wzmocnienie-organizmu/183,
najlepsze tabletki na odporność,40,44,>50,genoscope.pl,8,genoscope.pl/pl/blog/Preparaty-na-odpornosc-co-dziala-naprawde%2C-a-czego-lepiej-unikac/187,
środek na przyrost mięśni,40,43,>50,genoscope.pl,9,genoscope.pl/produkty/colostrum-sport-tabletki-60szt,
zmarznięte rece,40,46,>50,genoscope.pl,9,genoscope.pl/pl/blog/Krem-na-odmrozone-dlonie-jak-skutecznie-regenerowac-skore-zima/208,
nutraceutyki naturalne,40,28,>50,genoscope.pl,3,genoscope.pl/pl/blog/Nutraceutyki-naturalne-wsparcie-odpornosci-i-wzmocnienie-organizmu/98,
colostrum na alergie,40,25,16,genoscope.pl,1,genoscope.pl/pl/blog/Wplyw-Colostrum-na-alergie/33,
osłabienie po infekcji,40,43,>50,genoscope.pl,8,genoscope.pl/pl/blog/Jak-naturalnie-wzmocnic-organizm-po-grypie-i-infekcjach-sezonowych/189,
kwas maslowy do czego sluzy,40,28,>50,colostrumactive.pl,4,colostrumactive.pl/kwas-maslowy-wlasciwosci-i-zastosowanie/,
kwas masłowy występowanie,40,31,>50,colostrumactive.pl,6,colostrumactive.pl/kwas-maslowy-wlasciwosci-i-zastosowanie/,
masłowy,40,43,>50,colostrumactive.pl,6,colostrumactive.pl/kwas-maslowy-wlasciwosci-i-zastosowanie/,
kwas masłowy otrzymywanie,40,26,>50,colostrumactive.pl,8,colostrumactive.pl/kwas-maslowy-wlasciwosci-i-zastosowanie/,
colostrum na alergie,40,25,16,colostrumactive.pl,2,colostrumactive.pl/colostrum-naturalna-odpowiedz-na-alergie/,
co na wzmocnienie przy przeziębieniu,30,35,>50,genoscope.pl,9,genoscope.pl/pl/blog/Jak-naturalnie-wzmocnic-organizm-po-grypie-i-infekcjach-sezonowych/189,
co na uczucie pełności,30,43,>50,genoscope.pl,8,genoscope.pl/pl/blog/Wzdecia%2C-uczucie-ciezkosci-i-niespokojny-brzuch%2C-co-naprawde-wspiera-trawienie/230,
dlaczego brakuje mi energii,30,42,>50,genoscope.pl,5,genoscope.pl/pl/blog/Ciagle-zmeczenie-i-sennosc-brak-energii.-Jak-temu-zaradzic/127,
osłabienie organizmu po antybiotyku,30,36,>50,genoscope.pl,9,genoscope.pl/pl/blog/Naturalne-sposoby-na-wzmocnienie-organizmu-po-antybiotyku-odbuduj-odpornosc-krok-po-kroku/186,
jaka maść na oparzenia wrzątkiem,30,30,>50,genoscope.pl,4,genoscope.pl/pl/blog/Oparzenia-jaka-masc-wybrac%2C-aby-skora-goila-sie-szybciej/158,
maść na bąble po oparzeniu,30,28,>50,genoscope.pl,7,genoscope.pl/pl/blog/Oparzenia-jaka-masc-wybrac%2C-aby-skora-goila-sie-szybciej/158,
colostrum na stawy,30,24,22,genoscope.pl,4,genoscope.pl/pl/blog/Skuteczne-sposoby-na-wzmocnienie-kosci-i-stawow/34,
colostrum a cukrzyca,30,26,26,genoscope.pl,2,genoscope.pl/pl/blog/Colostrum-naturalna-profilaktyka-dla-osob-chorujacych-na-cukrzyce/39,
krem na odmrożone dłonie,30,20,>50,genoscope.pl,3,genoscope.pl/pl/blog/Krem-na-odmrozone-dlonie-jak-skutecznie-regenerowac-skore-zima/208,
maść srebrna,30,24,>50,genoscope.pl,2,genoscope.pl/pl/blog/Masc-ze-srebrem-jak-dziala-i-kiedy-warto-po-nia-siegnac/148,
po antybiotykoterapii,30,46,>50,genoscope.pl,8,genoscope.pl/pl/blog/Naturalne-sposoby-na-wzmocnienie-organizmu-po-antybiotyku-odbuduj-odpornosc-krok-po-kroku/186,
colostrum kozie zastosowanie,30,32,>50,genoscope.pl,3,genoscope.pl/pl/c/Colostrum-kozie/120,
oslabienie organizmu i sennosc,30,31,>50,genoscope.pl,6,genoscope.pl/pl/blog/Ciagle-zmeczenie-i-sennosc-brak-energii.-Jak-temu-zaradzic/127,
kolostrynina cena,30,22,>50,genoscope.pl,5,genoscope.pl/pl/blog/Wplyw-kolostryniny-na-mozg-i-skore-czlowieka/37,
maść na rany i blizny,30,37,>50,genoscope.pl,4,genoscope.pl/masc-na-blizny,
tania maść na blizny,30,29,>50,genoscope.pl,7,genoscope.pl/masc-na-blizny,
zmęczenie senność brak energii przyczyny,30,33,>50,genoscope.pl,5,genoscope.pl/pl/blog/Ciagle-zmeczenie-i-sennosc-brak-energii.-Jak-temu-zaradzic/127,
co na odmrożone ręce,30,33,>50,genoscope.pl,3,genoscope.pl/pl/blog/Krem-na-odmrozone-dlonie-jak-skutecznie-regenerowac-skore-zima/208,
colostrum a antybiotyk,30,31,22,genoscope.pl,2,genoscope.pl/pl/blog/Colostrum-na-jelita-jak-naturalnie-odbudowac-przewod-pokarmowy-po-antybiotyku/199,
osłabienie organizmu po grypie,30,28,>50,genoscope.pl,7,genoscope.pl/pl/blog/Jak-naturalnie-wzmocnic-organizm-po-grypie-i-infekcjach-sezonowych/189,
maść regenerująca naskórek,30,33,>50,genoscope.pl,2,genoscope.pl/pl/blog/Masc-z-colostrum-na-sucha-skore-i-regeneracje-naskorka-Diabetegen/142,
wzdęcia i uczucie pełności,30,40,>50,genoscope.pl,4,genoscope.pl/pl/blog/Wzdecia%2C-uczucie-ciezkosci-i-niespokojny-brzuch%2C-co-naprawde-wspiera-trawienie/230,
krem na blizny ze srebrem,30,36,>50,genoscope.pl,4,genoscope.pl/pl/blog/Najlepsza-masc-na-blizny-pooperacyjne-Eksperci-wskazuja-na-Diabetegen/156,https://genactiv.pl/products/krem-z-colostrum-genactiv
parcie na pęcherz i częste oddawanie moczu,30,26,>50,genoscope.pl,10,genoscope.pl/pl/blog/Dyskomfort-pecherza-i-czeste-parcie-na-mocz-u-kobiet%2C-jak-wspierac-uklad-moczowy-na-co-dzien/232,
siara kozia dla dzieci,30,28,15,genoscope.pl,4,genoscope.pl/pl/blog/Colostrum-dla-dzieci%2C-colostrum-junior-i-wybor-bez-zgadywania-jakie-colostrum-wybrac/223,https://genactiv.pl/products/colostrum-junior-z-czarnym-bzem-genactiv-zawiesina
maść ze srebrem na rany bez recepty,30,22,>50,genoscope.pl,3,genoscope.pl/pl/blog/Masc-ze-srebrem-na-rany-szybka-regeneracja-i-skuteczna-ochrona/149,
jak zregenerować organizm po antybiotyku,30,27,>50,genoscope.pl,3,genoscope.pl/pl/blog/Naturalne-sposoby-na-wzmocnienie-organizmu-po-antybiotyku-odbuduj-odpornosc-krok-po-kroku/186,
krem ze srebrem do twarzy,30,14,>50,genoscope.pl,9,genoscope.pl/pl/blog/Masc-ze-srebrem-jak-dziala-i-kiedy-warto-po-nia-siegnac/148,
maść na czerwone blizny,30,39,>50,genoscope.pl,8,genoscope.pl/masc-na-blizny,
uczucie ciężkości w jelitach,30,36,>50,genoscope.pl,3,genoscope.pl/pl/blog/Wzdecia%2C-uczucie-ciezkosci-i-niespokojny-brzuch%2C-co-naprawde-wspiera-trawienie/230,
czym się wzmocnić po grypie,30,29,>50,genoscope.pl,5,genoscope.pl/pl/blog/Jak-naturalnie-wzmocnic-organizm-po-grypie-i-infekcjach-sezonowych/189,
brak energii do działania,30,49,>50,genoscope.pl,4,genoscope.pl/pl/blog/Ciagle-zmeczenie-i-sennosc-brak-energii.-Jak-temu-zaradzic/127,
preparaty z nanosrebrem,30,29,>50,genoscope.pl,5,genoscope.pl/pl/c/Srebro-koloidalne-w-sprayu/133,
wzmocnienie organizmu dziecka,30,43,>50,genoscope.pl,3,genoscope.pl/pl/blog/Naturalne-sposoby-na-wzmocnienie-organizmu-dziecka-przed-powrotem-do-szkoly/86,
środki na odleżyny,30,34,>50,genoscope.pl,6,genoscope.pl/masc-na-odlezyny,
jak wzmocnić organizm dziecka po antybiotyku,30,31,>50,genoscope.pl,6,genoscope.pl/pl/blog/Naturalne-sposoby-na-wzmocnienie-organizmu-po-antybiotyku-odbuduj-odpornosc-krok-po-kroku/186,
wzdęty brzuch uczucie pełności,30,39,>50,genoscope.pl,4,genoscope.pl/pl/blog/Wzdecia%2C-uczucie-ciezkosci-i-niespokojny-brzuch%2C-co-naprawde-wspiera-trawienie/230,
co na zwiększenie odporności,30,52,>50,genoscope.pl,7,genoscope.pl/pl/blog/Naturalne-sposoby-na-odpornosc-i-wzmocnienie-organizmu/183,
tabletki dla kierowców,30,22,>50,genoscope.pl,1,genoscope.pl/pl/c/Dla-kierowcow/103,
maść ze srebrem cena,30,21,>50,genoscope.pl,3,genoscope.pl/pl/blog/Masc-ze-srebrem-jak-dziala-i-kiedy-warto-po-nia-siegnac/148,
ciągłe osłabienie i senność,30,44,>50,genoscope.pl,5,genoscope.pl/pl/blog/Ciagle-zmeczenie-i-sennosc-brak-energii.-Jak-temu-zaradzic/127,
ciągłe niewyspanie,30,40,>50,genoscope.pl,5,genoscope.pl/pl/blog/Ciagle-zmeczenie-i-sennosc-brak-energii.-Jak-temu-zaradzic/127,
na otarcia dla dzieci,30,35,>50,genoscope.pl,3,genoscope.pl/pl/blog/Masc-na-rany-dla-dzieci-szybka-pomoc%2C-skuteczna-regeneracja/141,
colostrum czy warto,30,36,>50,genoscope.pl,2,genoscope.pl/pl/blog/Colostrum-jak-dziala-naprawde-i-dlaczego-jakosc-ma-kluczowe-znaczenie/219,
co na wzmocnienie dla dziecka,30,36,>50,genoscope.pl,8,genoscope.pl/pl/blog/Naturalne-sposoby-na-wzmocnienie-organizmu-dziecka-przed-powrotem-do-szkoly/86,
maść na blizny po laserze,30,27,>50,genoscope.pl,4,genoscope.pl/pl/blog/Masc-na-blizny-z-colostrum-skuteczna-regeneracja-skory-po-operacjach-i-urazach/139,
srebro w aerozolu na rany,30,24,>50,genoscope.pl,5,genoscope.pl/pl/blog/Srebro-koloidalne-w-sprayu-naturalna-pomoc-na-rany%2C-tradzik-i-podraznienia/168,
co na oparzenia ogniem,30,35,>50,genoscope.pl,8,genoscope.pl/pl/blog/Oparzenia-jaka-masc-wybrac%2C-aby-skora-goila-sie-szybciej/158,
ferrytyna gdzie wystepuje,30,37,>50,genoscope.pl,3,genoscope.pl/pl/blog/Ferrytyna-objawy-niedoboru%2C-skutki-i-sposoby-na-naturalne-wsparcie/125,
colostrum immune opinie,30,24,29,genoscope.pl,1,genoscope.pl/produkty/colostrum-immune-60szt,
duże zmęczenie i senność,30,35,>50,genoscope.pl,7,genoscope.pl/pl/blog/Ciagle-zmeczenie-i-sennosc-brak-energii.-Jak-temu-zaradzic/127,
maść na odmrożenia dłoni,30,24,>50,genoscope.pl,1,genoscope.pl/pl/c/Odmrozenia/62,
colostrum maść regenerująca,30,19,17,genoscope.pl,1,genoscope.pl/pl/blog/Colostrum-masc%2C-czyli-masc-regenerujaco-kojaca/137,
krem na otarcia dla dzieci,30,29,>50,genoscope.pl,1,genoscope.pl/pl/blog/Masc-na-rany-dla-dzieci-szybka-pomoc%2C-skuteczna-regeneracja/141,
złe samopoczucie brak energii,30,36,>50,genoscope.pl,5,genoscope.pl/pl/blog/Ciagle-zmeczenie-i-sennosc-brak-energii.-Jak-temu-zaradzic/127,
colostrum a alergia na mleko,30,18,>50,genoscope.pl,5,genoscope.pl/pl/blog/Wplyw-Colostrum-na-alergie/33,
uczucie czegoś w brzuchu,30,35,>50,genoscope.pl,9,genoscope.pl/pl/blog/Wzdecia%2C-uczucie-ciezkosci-i-niespokojny-brzuch%2C-co-naprawde-wspiera-trawienie/230,
wzdecia uczucie pelnego brzucha,30,28,>50,genoscope.pl,5,genoscope.pl/pl/blog/Wzdecia%2C-uczucie-ciezkosci-i-niespokojny-brzuch%2C-co-naprawde-wspiera-trawienie/230,
jak oczyścić organizm po antybiotykach,30,26,>50,genoscope.pl,4,genoscope.pl/pl/blog/Naturalne-sposoby-na-wzmocnienie-organizmu-po-antybiotyku-odbuduj-odpornosc-krok-po-kroku/186,
co brac na brak energii,30,43,>50,genoscope.pl,7,genoscope.pl/pl/blog/Ciagle-zmeczenie-i-sennosc-brak-energii.-Jak-temu-zaradzic/127,
maść wspomagająca gojenie ran,30,40,>50,genoscope.pl,10,genoscope.pl/pl/blog/Masc-ze-srebrem-na-rany-szybka-regeneracja-i-skuteczna-ochrona/149,
jak podnieść poziom iga,30,16,>50,genoscope.pl,7,genoscope.pl/pl/blog/jak-wzmocnic-uklad-immunologiczny-u-doroslych-Sprawdzone-metody-i-naturalne-wsparcie-colostrum/116,
colostrum kozie czy krowie,30,20,>50,genoscope.pl,5,genoscope.pl/pl/blog/Kozie-colostrum-jako-skuteczna-alternatywa-dla-osob-z-uczuleniem-na-bialko-krowie/58,
dlaczego jestem senna i zmęczona,30,36,>50,genoscope.pl,10,genoscope.pl/pl/blog/Ciagle-zmeczenie-i-sennosc-brak-energii.-Jak-temu-zaradzic/127,
co na jelita po antybiotyku,30,24,>50,genoscope.pl,8,genoscope.pl/pl/blog/Naturalne-sposoby-na-wzmocnienie-organizmu-po-antybiotyku-odbuduj-odpornosc-krok-po-kroku/186,
ciagle oslabienie zmeczenie,30,39,>50,genoscope.pl,6,genoscope.pl/pl/blog/Ciagle-zmeczenie-i-sennosc-brak-energii.-Jak-temu-zaradzic/127,
dobra maść na rany,30,38,>50,genoscope.pl,3,genoscope.pl/pl/blog/Masc-ze-srebrem-na-rany-szybka-regeneracja-i-skuteczna-ochrona/149,
maść na rany otwarte bez recepty,30,26,>50,genoscope.pl,7,genoscope.pl/pl/blog/Masc-ze-srebrem-na-rany-szybka-regeneracja-i-skuteczna-ochrona/149,
laktoferyna na podniesienie ferrytyny,30,14,27,genoscope.pl,1,genoscope.pl/pl/blog/Laktoferyna-i-ferrytyna-jak-colostrum-wspiera-organizm-przy-niedoborze-zelaza/121,
co na wzmocnienie organizmu podczas choroby,30,33,>50,genoscope.pl,6,genoscope.pl/pl/blog/Jak-naturalnie-wzmocnic-organizm-po-grypie-i-infekcjach-sezonowych/189,
cos na oparzenia skóry,30,34,>50,genoscope.pl,8,genoscope.pl/pl/blog/Oparzenia-jaka-masc-wybrac%2C-aby-skora-goila-sie-szybciej/158,
ciągłe zmęczenie i senność brak energii przyczyny,30,35,>50,genoscope.pl,5,genoscope.pl/pl/blog/Ciagle-zmeczenie-i-sennosc-brak-energii.-Jak-temu-zaradzic/127,
żel z jonami srebra na rany,30,11,>50,genoscope.pl,2,genoscope.pl/pl/blog/Masc-ze-srebrem-na-rany-szybka-regeneracja-i-skuteczna-ochrona/149,
duze zmeczenie,30,58,>50,genoscope.pl,8,genoscope.pl/pl/blog/Ciagle-zmeczenie-i-sennosc-brak-energii.-Jak-temu-zaradzic/127,
zmęczenie po przeziębieniu,30,47,>50,genoscope.pl,7,genoscope.pl/pl/blog/Jak-naturalnie-wzmocnic-organizm-po-grypie-i-infekcjach-sezonowych/189,
maść regenerująca,30,26,>50,genoscope.pl,6,genoscope.pl/pl/blog/Masc-z-colostrum-na-sucha-skore-i-regeneracje-naskorka-Diabetegen/142,
srebro do psikania,30,29,>50,genoscope.pl,4,genoscope.pl/pl/blog/Srebro-koloidalne-w-sprayu-naturalna-pomoc-na-rany%2C-tradzik-i-podraznienia/168,
ferrytyna gdzie jest,30,37,>50,genoscope.pl,3,genoscope.pl/pl/blog/Ferrytyna-objawy-niedoboru%2C-skutki-i-sposoby-na-naturalne-wsparcie/125,
maść na blizny po zabiegu chirurgicznym,30,29,>50,genoscope.pl,7,genoscope.pl/masc-na-blizny,
odbudowa flory po antybiotyku,30,24,>50,genoscope.pl,10,genoscope.pl/pl/blog/Naturalne-sposoby-na-wzmocnienie-organizmu-po-antybiotyku-odbuduj-odpornosc-krok-po-kroku/186,
permanentne zmęczenie i senność,30,34,>50,genoscope.pl,8,genoscope.pl/pl/blog/Ciagle-zmeczenie-i-sennosc-brak-energii.-Jak-temu-zaradzic/127,
najlepsza maść na rany,30,40,>50,genoscope.pl,4,genoscope.pl/pl/blog/Masc-ze-srebrem-na-rany-szybka-regeneracja-i-skuteczna-ochrona/149,
maść na gojenie ran ze srebrem,30,35,>50,genoscope.pl,2,genoscope.pl/pl/blog/Masc-ze-srebrem-na-rany-szybka-regeneracja-i-skuteczna-ochrona/149,
lek na przyrost masy mięśniowej,30,36,>50,genoscope.pl,2,genoscope.pl/produkty/colostrum-sport-tabletki-60szt,
co na zadrapania u niemowlaka,30,33,>50,genoscope.pl,8,genoscope.pl/pl/blog/Masc-na-rany-dla-dzieci-szybka-pomoc%2C-skuteczna-regeneracja/141,
czym podnieść odporność,30,44,>50,genoscope.pl,6,genoscope.pl/pl/blog/Naturalne-sposoby-na-odpornosc-i-wzmocnienie-organizmu/183,
podnieść odporność,30,52,>50,genoscope.pl,6,genoscope.pl/pl/blog/Naturalne-sposoby-na-odpornosc-i-wzmocnienie-organizmu/183,
solange krem na blizny,30,11,>50,genoscope.pl,7,genoscope.pl/masc-na-blizny,https://genactiv.pl/products/krem-z-colostrum-genactiv
maść na blizny po laparoskopii,30,25,>50,genoscope.pl,9,genoscope.pl/masc-na-blizny,
maść na swędzące blizny,30,31,>50,genoscope.pl,6,genoscope.pl/masc-na-blizny,
preparat na odleżyny ze srebrem,30,23,>50,genoscope.pl,1,genoscope.pl/masc-na-odlezyny,
masc z lozyska,30,33,>50,genoscope.pl,9,genoscope.pl/pl/blog/Colostrum-masc%2C-czyli-masc-regenerujaco-kojaca/137,
brak zmęczenia,30,52,>50,genoscope.pl,4,genoscope.pl/pl/blog/Ciagle-zmeczenie-i-sennosc-brak-energii.-Jak-temu-zaradzic/127,
maść dla cukrzyków,30,26,>50,genoscope.pl,1,genoscope.pl/produkty/diabetegen-wspomagajacy-regeneracje-40g,
maść na odbudowę naskórka,30,30,>50,genoscope.pl,1,genoscope.pl/pl/blog/Masc-z-colostrum-na-sucha-skore-i-regeneracje-naskorka-Diabetegen/142,
colostrum na stawy,30,24,22,colostrumactive.pl,1,colostrumactive.pl/czy-colostrum-pomaga-na-stawy/,
siara w proszku,30,32,22,colostrumactive.pl,10,colostrumactive.pl/produkt/colostrum-active-natural-proszek-35-igg/,https://genactiv.pl/products/colostrum-genactiv-proszek
colostrum na odchudzanie,30,36,38,colostrumactive.pl,5,colostrumactive.pl/czy-po-colostrum-sie-chudnie/,
siara owcza,30,32,43,colostrumactive.pl,9,colostrumactive.pl/colostrum-kozie-bydlece-i-owcze-porownanie/,
colostrum a alergia na mleko,30,18,>50,colostrumactive.pl,1,colostrumactive.pl/colostrum-naturalna-odpowiedz-na-alergie/,
colostrum kozie czy krowie,30,20,>50,colostrumactive.pl,4,colostrumactive.pl/colostrum-kozie-bydlece-i-owcze-porownanie/,
colostrum kozie czy wołowe,30,22,>50,colostrumactive.pl,4,colostrumactive.pl/colostrum-kozie-bydlece-i-owcze-porownanie/,
4 system serum,30,34,>50,colostrumpolska.pl,5,colostrumpolska.pl/suplementy-do-wlosow/172-sim-sensitive-system-4-bio-botanical-serum-regenerujace-wlosy-6417150024550.html,
colostrum maść regenerująca,30,19,17,colostrumpolska.pl,3,colostrumpolska.pl/kosmetyki-naturalne/16-colostrum-krem-5907222714072.html,
maść kolagenowa na blizny,20,33,>50,genoscope.pl,6,genoscope.pl/masc-na-blizny,
maść na stare blizny pooperacyjne,20,27,>50,genoscope.pl,8,genoscope.pl/masc-na-blizny,
brakuje mi energii,20,45,>50,genoscope.pl,4,genoscope.pl/pl/blog/Ciagle-zmeczenie-i-sennosc-brak-energii.-Jak-temu-zaradzic/127,
brak energii w ciągu dnia,20,49,>50,genoscope.pl,7,genoscope.pl/pl/blog/Ciagle-zmeczenie-i-sennosc-brak-energii.-Jak-temu-zaradzic/127,
najlepsza maść na trudno gojące się rany,20,28,>50,genoscope.pl,3,genoscope.pl/pl/blog/Masc-ze-srebrem-na-rany-szybka-regeneracja-i-skuteczna-ochrona/149,
notoryczne zmęczenie i senność,20,33,>50,genoscope.pl,5,genoscope.pl/pl/blog/Ciagle-zmeczenie-i-sennosc-brak-energii.-Jak-temu-zaradzic/127,
maść przyspieszająca gojenie ran dla dzieci,20,27,>50,genoscope.pl,8,genoscope.pl/pl/blog/Masc-na-rany-dla-dzieci-szybka-pomoc%2C-skuteczna-regeneracja/141,
co na zmęczenie i osłabienie,20,43,>50,genoscope.pl,7,genoscope.pl › Blog/,
nacisk na pęcherz moczowy,20,36,>50,genoscope.pl,7,genoscope.pl/pl/blog/Ucisk%2C-pieczenie%2C-ciagle-wizyty-w-toalecie.-Co-na-pecherz-i-jak-wspierac-uklad-moczowy-na-co-dzien/228,
jak uodparniamy organizm dziecka,20,30,>50,genoscope.pl,9,genoscope.pl/pl/blog/Naturalne-sposoby-na-wzmocnienie-organizmu-dziecka-przed-powrotem-do-szkoly/86,
spadek energii sennosc,20,38,>50,genoscope.pl,7,genoscope.pl/pl/blog/Ciagle-zmeczenie-i-sennosc-brak-energii.-Jak-temu-zaradzic/127,
osłabienie brak sił i energii,20,35,>50,genoscope.pl,6,genoscope.pl/pl/blog/Ciagle-zmeczenie-i-sennosc-brak-energii.-Jak-temu-zaradzic/127,
dieta na wzmocnienie organizmu,20,41,>50,genoscope.pl,6,genoscope.pl/pl/blog/Naturalne-sposoby-na-odpornosc-i-wzmocnienie-organizmu/183,
uczucie wypełnienia w brzuchu,20,36,>50,genoscope.pl,10,genoscope.pl/pl/blog/Wzdecia%2C-uczucie-ciezkosci-i-niespokojny-brzuch%2C-co-naprawde-wspiera-trawienie/230,
jak pozbyć się antybiotyku z organizmu,20,33,>50,genoscope.pl,10,genoscope.pl/pl/blog/Naturalne-sposoby-na-wzmocnienie-organizmu-po-antybiotyku-odbuduj-odpornosc-krok-po-kroku/186,
brak sił witalnych przyczyny,20,34,>50,genoscope.pl,4,genoscope.pl/pl/blog/Ciagle-zmeczenie-i-sennosc-brak-energii.-Jak-temu-zaradzic/127,
co na otarcia skóry u dziecka,20,31,>50,genoscope.pl,7,genoscope.pl/pl/blog/Masc-na-rany-dla-dzieci-szybka-pomoc%2C-skuteczna-regeneracja/141,
jakie maści na oparzenia,20,46,>50,genoscope.pl,6,genoscope.pl/pl/blog/Oparzenia-jaka-masc-wybrac%2C-aby-skora-goila-sie-szybciej/158,
ospałość brak energii zmęczenie,20,36,>50,genoscope.pl,5,genoscope.pl/pl/blog/Ciagle-zmeczenie-i-sennosc-brak-energii.-Jak-temu-zaradzic/127,
żelazo koloidalne,20,27,>50,genoscope.pl,8,genoscope.pl/pl/blog/Niedobor-zelaza-jak-colostrum-i-laktoferyna-poprawiaja-jego-wchlanianie/123,
masc na oparzenia po spawaniu,20,28,>50,genoscope.pl,6,genoscope.pl/pl/blog/Oparzenia-jaka-masc-wybrac%2C-aby-skora-goila-sie-szybciej/158,
poranne zmęczenie przyczyny,20,40,>50,genoscope.pl,7,genoscope.pl/pl/blog/Ciagle-zmeczenie-i-sennosc-brak-energii.-Jak-temu-zaradzic/127,
maść na blizny pooparzeniowe,20,32,>50,genoscope.pl,3,genoscope.pl/masc-na-blizny,
maść krem na blizny,20,38,>50,genoscope.pl,3,genoscope.pl/masc-na-blizny,https://genactiv.pl/products/krem-z-colostrum-genactiv
ciągłe osłabienie,20,52,>50,genoscope.pl,7,genoscope.pl/pl/blog/Ciagle-zmeczenie-i-sennosc-brak-energii.-Jak-temu-zaradzic/127,
silne zmęczenie i senność,20,45,>50,genoscope.pl,10,genoscope.pl/pl/blog/Ciagle-zmeczenie-i-sennosc-brak-energii.-Jak-temu-zaradzic/127,
odczuwam ciagle zmeczenie,20,51,>50,genoscope.pl,6,genoscope.pl/pl/blog/Ciagle-zmeczenie-i-sennosc-brak-energii.-Jak-temu-zaradzic/127,
colostrum na raka,20,30,>50,genoscope.pl,1,genoscope.pl/pl/blog/Colostrum-w-profilaktyce-i-leczeniu-chorob-nowotworowych/40,
najlepsza maść na blizny po operacji,20,32,>50,genoscope.pl,7,genoscope.pl/pl/blog/Najlepsza-masc-na-blizny-pooperacyjne-jak-swiadomie-wspierac-regeneracje-skory/213,
zmęczenie organizmu przyczyny,20,50,>50,genoscope.pl,10,genoscope.pl/pl/blog/Ciagle-zmeczenie-i-sennosc-brak-energii.-Jak-temu-zaradzic/127,
kompletny brak energii,20,44,>50,genoscope.pl,6,genoscope.pl/pl/blog/Ciagle-zmeczenie-i-sennosc-brak-energii.-Jak-temu-zaradzic/127,
pieczenie i parcie na pęcherz,20,33,>50,genoscope.pl,9,genoscope.pl/pl/blog/Dyskomfort-pecherza-i-czeste-parcie-na-mocz-u-kobiet%2C-jak-wspierac-uklad-moczowy-na-co-dzien/232,
jak wzmocnić organizm po antybiotykoterapii,20,38,>50,genoscope.pl,4,genoscope.pl/pl/blog/Naturalne-sposoby-na-wzmocnienie-organizmu-po-antybiotyku-odbuduj-odpornosc-krok-po-kroku/186,
brak sił witalnych,20,38,>50,genoscope.pl,3,genoscope.pl/pl/blog/Ciagle-zmeczenie-i-sennosc-brak-energii.-Jak-temu-zaradzic/127,
maść na blizny po czyrakach,20,28,>50,genoscope.pl,9,genoscope.pl/masc-na-blizny,
ciągły ucisk na pęcherz,20,28,>50,genoscope.pl,5,genoscope.pl/pl/blog/Ucisk%2C-pieczenie%2C-ciagle-wizyty-w-toalecie.-Co-na-pecherz-i-jak-wspierac-uklad-moczowy-na-co-dzien/228,
co na wzmocnienie organizmu po grypie,20,37,>50,genoscope.pl,4,genoscope.pl/pl/blog/Jak-naturalnie-wzmocnic-organizm-po-grypie-i-infekcjach-sezonowych/189,
srebrna maść na rany,20,35,>50,genoscope.pl,1,genoscope.pl/pl/blog/Masc-ze-srebrem-na-rany-szybka-regeneracja-i-skuteczna-ochrona/149,
najlepsza maść na blizny na twarzy,20,36,>50,genoscope.pl,5,genoscope.pl/masc-na-blizny,
krem na oparzenia wrzątkiem,20,29,>50,genoscope.pl,5,genoscope.pl/pl/blog/Oparzenia-jaka-masc-wybrac%2C-aby-skora-goila-sie-szybciej/158,
co na wzmocnienie organizmu po operacji,20,30,>50,genoscope.pl,3,genoscope.pl/pl/c/Regeneracja-po-operacji/73,
osłabienie brak siły senność,20,36,>50,genoscope.pl,5,genoscope.pl/pl/blog/Ciagle-zmeczenie-i-sennosc-brak-energii.-Jak-temu-zaradzic/127,
maść rozjaśniająca blizny,20,40,>50,genoscope.pl,7,genoscope.pl/masc-na-blizny,
popołudniowe zmęczenie,20,42,>50,genoscope.pl,9,genoscope.pl/pl/blog/Ciagle-zmeczenie-i-sennosc-brak-energii.-Jak-temu-zaradzic/127,
jakie suplementy na wzmocnienie organizmu,20,29,>50,genoscope.pl,7,genoscope.pl/pl/blog/Naturalne-sposoby-na-odpornosc-i-wzmocnienie-organizmu/183,
jak wzmocnić organizm dziecka po chorobie,20,28,>50,genoscope.pl,7,genoscope.pl/pl/blog/Naturalne-sposoby-na-wzmocnienie-organizmu-dziecka-przed-powrotem-do-szkoly/86,
tabletki na przyrost wagi,20,33,>50,genoscope.pl,3,genoscope.pl/produkty/colostrum-sport-tabletki-60szt,
maść na skaleczenia dla dzieci,20,23,>50,genoscope.pl,2,genoscope.pl/pl/blog/Masc-na-rany-dla-dzieci-szybka-pomoc%2C-skuteczna-regeneracja/141,
maść silikonowa na oparzenia,20,29,>50,genoscope.pl,10,genoscope.pl/pl/blog/Oparzenia-jaka-masc-wybrac%2C-aby-skora-goila-sie-szybciej/158,
jak wzmocnić organizm po przeziębieniu,20,33,>50,genoscope.pl,5,genoscope.pl/pl/blog/Jak-naturalnie-wzmocnic-organizm-po-grypie-i-infekcjach-sezonowych/189,
co na osłabienie organizmu po chorobie,20,38,>50,genoscope.pl,10,genoscope.pl/pl/blog/Jak-naturalnie-wzmocnic-organizm-po-grypie-i-infekcjach-sezonowych/189,
osłabienie brak energii,20,44,>50,genoscope.pl,5,genoscope.pl/pl/blog/Ciagle-zmeczenie-i-sennosc-brak-energii.-Jak-temu-zaradzic/127,
podnoszenie odporności,20,46,>50,genoscope.pl,9,genoscope.pl/pl/blog/Naturalne-sposoby-na-odpornosc-i-wzmocnienie-organizmu/183,
ciągłe niewyspanie i zmęczenie,20,36,>50,genoscope.pl,4,genoscope.pl/pl/blog/Ciagle-zmeczenie-i-sennosc-brak-energii.-Jak-temu-zaradzic/127,
jak szybko dojść do siebie po grypie,20,24,>50,genoscope.pl,9,genoscope.pl/pl/blog/Jak-naturalnie-wzmocnic-organizm-po-grypie-i-infekcjach-sezonowych/189,
osłabienie z rana,20,46,>50,genoscope.pl,10,genoscope.pl/pl/blog/Ciagle-zmeczenie-i-sennosc-brak-energii.-Jak-temu-zaradzic/127,
odmrożone dłonie jak leczyć,20,31,>50,genoscope.pl,8,genoscope.pl/pl/blog/Krem-na-odmrozone-dlonie-jak-skutecznie-regenerowac-skore-zima/208,
maść na gojenie oparzeń,20,39,>50,genoscope.pl,4,genoscope.pl/pl/blog/Oparzenia-jaka-masc-wybrac%2C-aby-skora-goila-sie-szybciej/158,
uczucie pełności w dole brzucha,20,33,>50,genoscope.pl,10,genoscope.pl/pl/blog/Wzdecia%2C-uczucie-ciezkosci-i-niespokojny-brzuch%2C-co-naprawde-wspiera-trawienie/230,
brak wigoru,20,45,>50,genoscope.pl,4,genoscope.pl/pl/blog/Ciagle-zmeczenie-i-sennosc-brak-energii.-Jak-temu-zaradzic/127,
dobra maść na blizny pooperacyjne,20,34,>50,genoscope.pl,6,genoscope.pl/masc-na-blizny,
krem na świeże blizny,20,41,>50,genoscope.pl,3,genoscope.pl/masc-na-blizny,https://genactiv.pl/products/krem-z-colostrum-genactiv
co jest dobre na senność,20,39,>50,genoscope.pl,6,genoscope.pl/pl/blog/Ciagle-zmeczenie-i-sennosc-brak-energii.-Jak-temu-zaradzic/127,
rekomendacje medyczne,20,35,>50,genoscope.pl,7,genoscope.pl/rekomendacje-medyczne,
cos na wzmocnienie po grypie,20,32,>50,genoscope.pl,4,genoscope.pl/pl/blog/Jak-naturalnie-wzmocnic-organizm-po-grypie-i-infekcjach-sezonowych/189,
zmęczenie znużenie senność,20,43,>50,genoscope.pl,7,genoscope.pl/pl/blog/Ciagle-zmeczenie-i-sennosc-brak-energii.-Jak-temu-zaradzic/127,
poparzenie mascia rozgrzewajaca,20,32,>50,genoscope.pl,6,genoscope.pl/pl/blog/Oparzenia-jaka-masc-wybrac%2C-aby-skora-goila-sie-szybciej/158,
ogólne zmęczenie senność,20,42,>50,genoscope.pl,6,genoscope.pl/pl/blog/Ciagle-zmeczenie-i-sennosc-brak-energii.-Jak-temu-zaradzic/127,
krem na oparzenia 2 stopnia,20,33,>50,genoscope.pl,6,genoscope.pl/pl/blog/Oparzenia-jaka-masc-wybrac%2C-aby-skora-goila-sie-szybciej/158,
poranna senność,20,45,>50,genoscope.pl,9,genoscope.pl/pl/blog/Ciagle-zmeczenie-i-sennosc-brak-energii.-Jak-temu-zaradzic/127,
najlepsza maść na gojenie ran,20,36,>50,genoscope.pl,6,genoscope.pl/pl/blog/Masc-ze-srebrem-na-rany-szybka-regeneracja-i-skuteczna-ochrona/149,
co na odmrozenia rak,20,35,>50,genoscope.pl,7,genoscope.pl/pl/c/Odmrozenia/62,
maść na poparzoną skórę,20,35,>50,genoscope.pl,5,genoscope.pl/pl/blog/Oparzenia-jaka-masc-wybrac%2C-aby-skora-goila-sie-szybciej/158,
co pomaga na pecherz,20,40,>50,genoscope.pl,5,genoscope.pl/pl/blog/Ucisk%2C-pieczenie%2C-ciagle-wizyty-w-toalecie.-Co-na-pecherz-i-jak-wspierac-uklad-moczowy-na-co-dzien/228,
co na oparzenia 1 stopnia,20,36,>50,genoscope.pl,10,genoscope.pl/pl/blog/Oparzenia-jaka-masc-wybrac%2C-aby-skora-goila-sie-szybciej/158,
silne osłabienie po grypie,20,38,>50,genoscope.pl,10,genoscope.pl/pl/blog/Jak-naturalnie-wzmocnic-organizm-po-grypie-i-infekcjach-sezonowych/189,
siara krowia właściwości,20,35,33,genoscope.pl,5,genoscope.pl/pl/blog/Siara-naturalny-sposob-na-odpornosc-i-regeneracje-organizmu/179,
maść na regenerację naskórka,20,26,>50,genoscope.pl,1,genoscope.pl/pl/blog/Masc-z-colostrum-na-sucha-skore-i-regeneracje-naskorka-Diabetegen/142,
utrata energii,20,55,>50,genoscope.pl,7,genoscope.pl/pl/blog/Ciagle-zmeczenie-i-sennosc-brak-energii.-Jak-temu-zaradzic/127,
siara kozia cena,20,19,>50,genoscope.pl,3,genoscope.pl/pl/blog/Siara-kozia-naturalne-wsparcie-organizmu-o-wyjatkowej-biodostepnosci/209,
wspomaganie odporności,20,57,>50,genoscope.pl,10,genoscope.pl/pl/blog/Naturalne-sposoby-na-odpornosc-i-wzmocnienie-organizmu/183,
osłabienie organizmu przy przeziębieniu,20,35,>50,genoscope.pl,6,genoscope.pl/pl/blog/Jak-naturalnie-wzmocnic-organizm-po-grypie-i-infekcjach-sezonowych/189,
jaka maść na odmrożenia,20,25,>50,genoscope.pl,3,genoscope.pl/pl/c/Odmrozenia/62,
wieczorne zmęczenie,20,53,>50,genoscope.pl,8,genoscope.pl/pl/blog/Ciagle-zmeczenie-i-sennosc-brak-energii.-Jak-temu-zaradzic/127,
brak siły zmęczenie przyczyny,20,39,>50,genoscope.pl,5,genoscope.pl/pl/blog/Ciagle-zmeczenie-i-sennosc-brak-energii.-Jak-temu-zaradzic/127,
maść na blizny po rozcięciu,20,29,>50,genoscope.pl,8,genoscope.pl/masc-na-blizny,
tabletki na budowe miesni,20,38,>50,genoscope.pl,9,genoscope.pl/produkty/colostrum-sport-tabletki-60szt,
maść na odmrożenia twarzy,20,24,>50,genoscope.pl,2,genoscope.pl/pl/c/Odmrozenia/62,
senność brak koncentracji zmęczenie,20,38,>50,genoscope.pl,7,genoscope.pl/pl/blog/Ciagle-zmeczenie-i-sennosc-brak-energii.-Jak-temu-zaradzic/127,
maść ze złotem na oparzenia,20,21,>50,genoscope.pl,6,genoscope.pl/pl/c/Oparzenia/61,
żel na oparzenia ze srebrem,20,19,>50,genoscope.pl,2,genoscope.pl/pl/blog/Masc-ze-srebrem-jak-dziala-i-kiedy-warto-po-nia-siegnac/148,
totalny brak energii,20,49,>50,genoscope.pl,6,genoscope.pl/pl/blog/Ciagle-zmeczenie-i-sennosc-brak-energii.-Jak-temu-zaradzic/127,
siara z mleka koziego,20,25,>50,genoscope.pl,7,genoscope.pl/pl/blog/Siara-bydleca-co-to-jest-i-dlaczego-warto-po-nia-siegnac/170,
dobra maść na odleżyny,20,31,>50,genoscope.pl,2,genoscope.pl/masc-na-odlezyny,
wzmocnienie odporności organizmu,20,53,>50,genoscope.pl,7,genoscope.pl/pl/blog/Naturalne-sposoby-na-odpornosc-i-wzmocnienie-organizmu/183,
preparaty na przyrost masy mięśniowej,20,33,>50,genoscope.pl,4,genoscope.pl/produkty/colostrum-sport-tabletki-60szt,
uczucie ucisku na pecherz moczowy,20,35,>50,genoscope.pl,7,genoscope.pl/pl/blog/Ucisk%2C-pieczenie%2C-ciagle-wizyty-w-toalecie.-Co-na-pecherz-i-jak-wspierac-uklad-moczowy-na-co-dzien/228,
leki na przyrost masy,20,32,>50,genoscope.pl,4,genoscope.pl/produkty/colostrum-sport-tabletki-60szt,
totalne zmęczenie,20,46,>50,genoscope.pl,7,genoscope.pl/pl/blog/Ciagle-zmeczenie-i-sennosc-brak-energii.-Jak-temu-zaradzic/127,
co na wzdęcia i uczucie pełności,20,37,>50,genoscope.pl,5,genoscope.pl/pl/blog/Wzdecia%2C-uczucie-ciezkosci-i-niespokojny-brzuch%2C-co-naprawde-wspiera-trawienie/230,
maść na rany dla cukrzyków,20,21,>50,genoscope.pl,2,genoscope.pl/produkty/diabetegen-wspomagajacy-regeneracje-40g,
co po antybiotyku dla dziecka,20,34,>50,genoscope.pl,7,genoscope.pl/pl/blog/Naturalne-sposoby-na-wzmocnienie-organizmu-po-antybiotyku-odbuduj-odpornosc-krok-po-kroku/186,
tabletki na wzrost masy miesniowej,20,27,>50,genoscope.pl,1,genoscope.pl/produkty/colostrum-sport-tabletki-60szt,
maść na świeże rany,20,39,>50,genoscope.pl,10,genoscope.pl/pl/blog/Masc-ze-srebrem-na-rany-szybka-regeneracja-i-skuteczna-ochrona/149,
parcie na mocz po oddaniu moczu,20,31,>50,genoscope.pl,9,genoscope.pl/pl/blog/Dyskomfort-pecherza-i-czeste-parcie-na-mocz-u-kobiet%2C-jak-wspierac-uklad-moczowy-na-co-dzien/232,
dobra maść na blizny po operacji,20,34,>50,genoscope.pl,7,genoscope.pl/pl/blog/Najlepsza-masc-na-blizny-pooperacyjne-jak-swiadomie-wspierac-regeneracje-skory/213,
brak energii z rana,20,38,>50,genoscope.pl,3,genoscope.pl/pl/blog/Ciagle-zmeczenie-i-sennosc-brak-energii.-Jak-temu-zaradzic/127,
maść na gojenie blizn pooperacyjnych,20,33,>50,genoscope.pl,3,genoscope.pl/masc-na-blizny,
jogurt jako osłona przy antybiotyku,20,25,>50,genoscope.pl,10,genoscope.pl/pl/blog/Naturalne-sposoby-na-wzmocnienie-organizmu-po-antybiotyku-odbuduj-odpornosc-krok-po-kroku/186,
czym zastąpić mleko krowie przy karmieniu piersią,20,18,>50,genoscope.pl,8,genoscope.pl/pl/blog/Brak-mozliwosci-karmienia-piersia-czym-zastapic-naturalne-mleko/28,
zmeczenie czego brakuje w organizmie,20,40,>50,genoscope.pl,9,genoscope.pl/pl/blog/Ciagle-zmeczenie-i-sennosc-brak-energii.-Jak-temu-zaradzic/127,
co zrobić na odmrożone dłonie,20,28,>50,genoscope.pl,6,genoscope.pl/pl/blog/Krem-na-odmrozone-dlonie-jak-skutecznie-regenerowac-skore-zima/208,
krem na oparzenia twarzy,20,38,>50,genoscope.pl,8,genoscope.pl/pl/blog/Oparzenia-jaka-masc-wybrac%2C-aby-skora-goila-sie-szybciej/158,
naturalna maść na blizny,20,41,>50,genoscope.pl,3,genoscope.pl/masc-na-blizny,
mocne parcie na mocz,20,36,>50,genoscope.pl,10,genoscope.pl/pl/blog/Dyskomfort-pecherza-i-czeste-parcie-na-mocz-u-kobiet%2C-jak-wspierac-uklad-moczowy-na-co-dzien/232,
preparat z jonami srebra,20,29,>50,genoscope.pl,5,genoscope.pl/pl/blog/Masc-ze-srebrem-jak-dziala-i-kiedy-warto-po-nia-siegnac/148,
uczucie zmęczenia brak energii,20,40,>50,genoscope.pl,5,genoscope.pl/pl/blog/Ciagle-zmeczenie-i-sennosc-brak-energii.-Jak-temu-zaradzic/127,
oczyszczanie organizmu po antybiotyku,20,32,>50,genoscope.pl,5,genoscope.pl/pl/blog/Naturalne-sposoby-na-wzmocnienie-organizmu-po-antybiotyku-odbuduj-odpornosc-krok-po-kroku/186,
colostrum rano czy wieczorem,20,22,18,genoscope.pl,7,genoscope.pl/pl/blog/Colostrum-co-to-jest%2C-na-co-dziala-i-jak-je-stosowac/169,
maść ze srebrem na odparzenia,20,22,>50,genoscope.pl,2,genoscope.pl/pl/blog/Masc-ze-srebrem-jak-dziala-i-kiedy-warto-po-nia-siegnac/148,
colostrum a nietolerancja laktozy,20,26,>50,genoscope.pl,8,genoscope.pl/pl/blog/Czy-colostrum-jest-bezpieczne-Przeciwwskazania-i-wybor/263,
co na świeże oparzenie,20,39,>50,genoscope.pl,7,genoscope.pl/pl/blog/Oparzenia-jaka-masc-wybrac%2C-aby-skora-goila-sie-szybciej/158,
ciagle parcie na siku,20,31,>50,genoscope.pl,7,genoscope.pl/pl/blog/Dyskomfort-pecherza-i-czeste-parcie-na-mocz-u-kobiet%2C-jak-wspierac-uklad-moczowy-na-co-dzien/232,
maść na odmrożone ręce,20,20,>50,genoscope.pl,1,genoscope.pl/pl/c/Odmrozenia/62,
jakie witaminy przy grypie,20,42,>50,genoscope.pl,8,genoscope.pl/pl/blog/Jak-naturalnie-wzmocnic-organizm-po-grypie-i-infekcjach-sezonowych/189,
colostrum czy działa,20,39,22,genoscope.pl,2,genoscope.pl/pl/blog/Colostrum-jak-dziala-naprawde-i-dlaczego-jakosc-ma-kluczowe-znaczenie/219,
co wziąć na wzmocnienie organizmu,20,39,>50,genoscope.pl,5,genoscope.pl/pl/blog/Naturalne-sposoby-na-odpornosc-i-wzmocnienie-organizmu/183,
siara krowia colostrum,20,35,18,genoscope.pl,7,genoscope.pl/pl/c/Siara-w-tabletkach/117,
co najlepiej na oparzenia,20,39,>50,genoscope.pl,8,genoscope.pl/pl/blog/Oparzenia-jaka-masc-wybrac%2C-aby-skora-goila-sie-szybciej/158,
odmrozone dlonie co robic,20,33,>50,genoscope.pl,5,genoscope.pl/pl/blog/Krem-na-odmrozone-dlonie-jak-skutecznie-regenerowac-skore-zima/208,
odbudowa jelit po antybiotyku,20,34,>50,genoscope.pl,6,genoscope.pl/pl/blog/Naturalne-sposoby-na-wzmocnienie-organizmu-po-antybiotyku-odbuduj-odpornosc-krok-po-kroku/186,
maść po operacji,20,43,>50,genoscope.pl,4,genoscope.pl/pl/blog/Masc-na-blizny-z-colostrum-skuteczna-regeneracja-skory-po-operacjach-i-urazach/139,
maść przeciwbólowa na oparzenia,20,38,>50,genoscope.pl,5,genoscope.pl/pl/blog/Oparzenia-jaka-masc-wybrac%2C-aby-skora-goila-sie-szybciej/158,
uczucie parcia na cewkę moczową,20,33,>50,genoscope.pl,10,genoscope.pl/pl/blog/Dyskomfort-pecherza-i-czeste-parcie-na-mocz-u-kobiet%2C-jak-wspierac-uklad-moczowy-na-co-dzien/232,
mało energii życiowej,20,40,>50,genoscope.pl,5,genoscope.pl/pl/blog/Ciagle-zmeczenie-i-sennosc-brak-energii.-Jak-temu-zaradzic/127,
krem na oparzenia chemiczne,20,36,>50,genoscope.pl,3,genoscope.pl/pl/blog/Oparzenia-jaka-masc-wybrac%2C-aby-skora-goila-sie-szybciej/158,
regeneracja układu pokarmowego,20,34,>50,genoscope.pl,6,genoscope.pl/pl/blog/Colostrum-na-jelita-naturalna-regeneracja-i-wsparcie-dla-ukladu-pokarmowego/134,
co na uczucie pelnosci w brzuchu,20,34,>50,genoscope.pl,7,genoscope.pl/pl/blog/Wzdecia%2C-uczucie-ciezkosci-i-niespokojny-brzuch%2C-co-naprawde-wspiera-trawienie/230,
co na skaleczenia u dzieci,20,40,>50,genoscope.pl,10,genoscope.pl/pl/blog/Masc-na-rany-dla-dzieci-szybka-pomoc%2C-skuteczna-regeneracja/141,
siara pokarm,20,40,>50,genoscope.pl,9,genoscope.pl/pl/blog/Siara-bydleca-co-to-jest-i-dlaczego-warto-po-nia-siegnac/170,
odbudowa po antybiotyku,20,36,>50,genoscope.pl,7,genoscope.pl/pl/blog/Naturalne-sposoby-na-wzmocnienie-organizmu-po-antybiotyku-odbuduj-odpornosc-krok-po-kroku/186,
jaka masc na rany,20,31,>50,genoscope.pl,6,genoscope.pl/pl/blog/Masc-ze-srebrem-na-rany-szybka-regeneracja-i-skuteczna-ochrona/149,
ciągły nacisk na pęcherz,20,31,>50,genoscope.pl,6,genoscope.pl/pl/blog/Ucisk%2C-pieczenie%2C-ciagle-wizyty-w-toalecie.-Co-na-pecherz-i-jak-wspierac-uklad-moczowy-na-co-dzien/228,
maść na szybkie gojenie ran dla dzieci,20,24,>50,genoscope.pl,2,genoscope.pl/pl/blog/Masc-na-rany-dla-dzieci-szybka-pomoc%2C-skuteczna-regeneracja/141,
krem do twarzy z jonami srebra,20,17,>50,genoscope.pl,9,genoscope.pl/pl/blog/Masc-ze-srebrem-jak-dziala-i-kiedy-warto-po-nia-siegnac/148,
brak witalności,20,46,>50,genoscope.pl,3,genoscope.pl/pl/blog/Ciagle-zmeczenie-i-sennosc-brak-energii.-Jak-temu-zaradzic/127,
maść na zmiękczenie blizny,20,37,>50,genoscope.pl,4,genoscope.pl/masc-na-blizny,
brak sił przy przeziębieniu,20,38,>50,genoscope.pl,7,genoscope.pl/pl/blog/Jak-naturalnie-wzmocnic-organizm-po-grypie-i-infekcjach-sezonowych/189,
bycza siara,20,40,28,genoscope.pl,5,genoscope.pl/pl/c/Siara-w-tabletkach/117,
brak siły na cokolwiek,20,39,>50,genoscope.pl,5,genoscope.pl/pl/blog/Ciagle-zmeczenie-i-sennosc-brak-energii.-Jak-temu-zaradzic/127,
maść na blizny po nacięciu krocza,20,15,>50,genoscope.pl,9,genoscope.pl/masc-na-blizny,
colostrum w ciąży forum,20,25,17,genoscope.pl,3,genoscope.pl/pl/blog/Niedobor-zelaza-w-ciazy-jak-laktoferyna-z-colostrum-moze-pomoc-przyszlym-mamom/124,
brak sil na cokolwiek,20,39,>50,genoscope.pl,7,genoscope.pl/pl/blog/Ciagle-zmeczenie-i-sennosc-brak-energii.-Jak-temu-zaradzic/127,
colostrum wołowe właściwości,20,37,30,genoscope.pl,7,genoscope.pl/pl/blog/Colostrum-na-co-pomaga/78,
colostrum 40 igg,20,24,>50,colostrumactive.pl,3,colostrumactive.pl/produkt/colostrum-active-natural-suplement-diety/,
colostrum na raka,20,30,>50,colostrumactive.pl,5,colostrumactive.pl/skutecznie-wyleczyc-publikacja/,
kwas masłowy właściwości i zastosowanie,20,21,>50,colostrumactive.pl,4,colostrumactive.pl/kwas-maslowy-wlasciwosci-i-zastosowanie/,
colostrum rano czy wieczorem,20,22,18,colostrumactive.pl,6,colostrumactive.pl/kiedy-brac-colostrum-i-z-czym-go-nie-laczyc-praktyczny-przewodnik-dla-zdrowia/,
colostrum a nietolerancja laktozy,20,26,>50,colostrumactive.pl,2,colostrumactive.pl/czy-mozna-stosowac-colostrum-przy-nietolerancji-laktozy-fakty-ktorych-nie-znasz/,
kwas masłowy właściwości fizyczne i chemiczne,20,14,>50,colostrumactive.pl,7,colostrumactive.pl/kwas-maslowy-wlasciwosci-i-zastosowanie/,
kwas masłowy właściwości chemiczne,20,24,>50,colostrumactive.pl,4,colostrumactive.pl/kwas-maslowy-wlasciwosci-i-zastosowanie/,
colostrum na czczo,20,26,11,colostrumactive.pl,9,colostrumactive.pl/kiedy-brac-colostrum-i-z-czym-go-nie-laczyc-praktyczny-przewodnik-dla-zdrowia/,
siara bydlęca w proszku,20,17,26,colostrumactive.pl,2,colostrumactive.pl/produkt/colostrum-active-natural-proszek-35-igg/,https://genactiv.pl/products/colostrum-genactiv-proszek
krem z siarą bydlęcą,20,18,12,colostrumpolska.pl,10,colostrumpolska.pl/kosmetyki-naturalne/16-colostrum-krem-5907222714072.html,https://genactiv.pl/products/krem-z-colostrum-genactiv
ashwagandha krolowa,20,33,>50,colostrumpolska.pl,9,colostrumpolska.pl/adaptogeny/167-ashwagandha-krople-krolowa-adaptogenow-gold-drops-50ml-5903943954759.html,
foufour,20,24,>50,colostrumpolska.pl,5,colostrumpolska.pl/99-foufour-mydla-marsylskie,
vega it,20,39,>50,colostrumpolska.pl,9,colostrumpolska.pl/109-vega-it,
sudocrem na odmrożenia,10,24,>50,genoscope.pl,3,genoscope.pl/pl/c/Odmrozenia/62,
zmęczenie osłabienie brak energii,10,38,>50,genoscope.pl,4,genoscope.pl/pl/blog/Ciagle-zmeczenie-i-sennosc-brak-energii.-Jak-temu-zaradzic/127,
maść krem na blizny po operacji,10,32,>50,genoscope.pl,5,genoscope.pl/masc-na-blizny,https://genactiv.pl/products/krem-z-colostrum-genactiv
brak energii jak sobie pomóc,10,43,>50,genoscope.pl,6,genoscope.pl/pl/blog/Ciagle-zmeczenie-i-sennosc-brak-energii.-Jak-temu-zaradzic/127,
maść na blizny pooperacyjne ze srebrem,10,27,>50,genoscope.pl,2,genoscope.pl/pl/blog/Najlepsza-masc-na-blizny-pooperacyjne-Eksperci-wskazuja-na-Diabetegen/156,
jak wzmocnić osłabiony organizm po grypie,10,30,>50,genoscope.pl,4,genoscope.pl/pl/blog/Jak-naturalnie-wzmocnic-organizm-po-grypie-i-infekcjach-sezonowych/189,
czuje sie ciagle zmeczona i oslabiona,10,26,>50,genoscope.pl,10,genoscope.pl/pl/blog/Ciagle-zmeczenie-i-sennosc-brak-energii.-Jak-temu-zaradzic/127,
tabletki na szybki przyrost masy mięśniowej,10,29,>50,genoscope.pl,1,genoscope.pl/produkty/colostrum-sport-tabletki-60szt,
nieustanne parcie na mocz,10,32,>50,genoscope.pl,10,genoscope.pl/pl/blog/Dyskomfort-pecherza-i-czeste-parcie-na-mocz-u-kobiet%2C-jak-wspierac-uklad-moczowy-na-co-dzien/232,
brak energii po 50,10,46,>50,genoscope.pl,6,genoscope.pl/pl/blog/Ciagle-zmeczenie-i-sennosc-brak-energii.-Jak-temu-zaradzic/127,
krem z kolagenem na blizny,10,28,>50,genoscope.pl,5,genoscope.pl/masc-na-blizny,https://genactiv.pl/products/krem-z-colostrum-genactiv
osłabienie zmęczenie senność przyczyny,10,36,>50,genoscope.pl,8,genoscope.pl/pl/blog/Ciagle-zmeczenie-i-sennosc-brak-energii.-Jak-temu-zaradzic/127,
maść na blizny jaka najlepsza,10,29,>50,genoscope.pl,9,genoscope.pl/pl/blog/Najlepsza-masc-na-blizny-pooperacyjne-jak-swiadomie-wspierac-regeneracje-skory/213,
ciągłe wzdęcia i uczucie pełności,10,33,>50,genoscope.pl,10,genoscope.pl/pl/blog/Wzdecia%2C-uczucie-ciezkosci-i-niespokojny-brzuch%2C-co-naprawde-wspiera-trawienie/230,
maść na blizny po operacji brzucha,10,30,>50,genoscope.pl,8,genoscope.pl/masc-na-blizny,
szybkie wzmocnienie organizmu,10,48,>50,genoscope.pl,5,genoscope.pl/pl/blog/Naturalne-sposoby-na-odpornosc-i-wzmocnienie-organizmu/183,
ospałość i brak energii,10,34,>50,genoscope.pl,7,genoscope.pl/pl/blog/Ciagle-zmeczenie-i-sennosc-brak-energii.-Jak-temu-zaradzic/127,
jogurt naturalny a antybiotyk,10,30,>50,genoscope.pl,8,genoscope.pl/pl/blog/Naturalne-sposoby-na-wzmocnienie-organizmu-po-antybiotyku-odbuduj-odpornosc-krok-po-kroku/186,
kobiecy mocz,10,38,>50,genoscope.pl,4,genoscope.pl/pl/blog/Dyskomfort-pecherza-i-czeste-parcie-na-mocz-u-kobiet%2C-jak-wspierac-uklad-moczowy-na-co-dzien/232,
zmęczenie ospałość przyczyny,10,38,>50,genoscope.pl,9,genoscope.pl/pl/blog/Ciagle-zmeczenie-i-sennosc-brak-energii.-Jak-temu-zaradzic/127,
maść na gojenie ran po oparzeniu,10,30,>50,genoscope.pl,5,genoscope.pl/pl/blog/Oparzenia-jaka-masc-wybrac%2C-aby-skora-goila-sie-szybciej/158,
częste zmęczenie niski poziom energii,10,34,>50,genoscope.pl,6,genoscope.pl/pl/blog/Ciagle-zmeczenie-i-sennosc-brak-energii.-Jak-temu-zaradzic/127,
jak wzmocnić organizm w czasie choroby,10,37,>50,genoscope.pl,9,genoscope.pl/pl/blog/Jak-naturalnie-wzmocnic-organizm-po-grypie-i-infekcjach-sezonowych/189,
maść ze srebrem na trądzik,10,16,>50,genoscope.pl,8,genoscope.pl/pl/c/Tradzik/69,
maść ze srebrem na grzybicę,10,12,>50,genoscope.pl,4,genoscope.pl/pl/blog/Masc-ze-srebrem-jak-dziala-i-kiedy-warto-po-nia-siegnac/148,
colostrum alpha opinie,10,16,16,genoscope.pl,1,genoscope.pl/produkty/colostrum-alpha-bovinum,
siara kozy,10,36,>50,genoscope.pl,5,genoscope.pl/pl/blog/Siara-kozia-naturalne-wsparcie-organizmu-o-wyjatkowej-biodostepnosci/209,
uczucie pełności w żołądku wzdęcia,10,33,>50,genoscope.pl,10,genoscope.pl/pl/blog/Wzdecia%2C-uczucie-ciezkosci-i-niespokojny-brzuch%2C-co-naprawde-wspiera-trawienie/230,
preparat na przyrost mięśni,10,42,>50,genoscope.pl,3,genoscope.pl/produkty/colostrum-sport-tabletki-60szt,
zmęczenie co robić,10,51,>50,genoscope.pl,8,genoscope.pl/pl/blog/Ciagle-zmeczenie-i-sennosc-brak-energii.-Jak-temu-zaradzic/127,
maść na rany dla niemowląt,10,35,>50,genoscope.pl,2,genoscope.pl › Blog/,
jak odflegmić organizm dziecka,10,40,>50,genoscope.pl,7,genoscope.pl/pl/blog/Naturalne-sposoby-na-wzmocnienie-organizmu-dziecka-przed-powrotem-do-szkoly/86,
tabletki na szybki przyrost miesni,10,33,>50,genoscope.pl,1,genoscope.pl/produkty/colostrum-sport-tabletki-60szt,
krem na odmrożenia rąk,10,24,>50,genoscope.pl,3,genoscope.pl/pl/c/Odmrozenia/62,
ogólne osłabienie zmęczenie,10,41,>50,genoscope.pl,8,genoscope.pl/pl/blog/Ciagle-zmeczenie-i-sennosc-brak-energii.-Jak-temu-zaradzic/127,
srebro lecznicze na rany,10,36,>50,genoscope.pl,7,genoscope.pl/pl/blog/Masc-ze-srebrem-na-rany-szybka-regeneracja-i-skuteczna-ochrona/149,
brak siły do działania,10,46,>50,genoscope.pl,5,genoscope.pl/pl/blog/Ciagle-zmeczenie-i-sennosc-brak-energii.-Jak-temu-zaradzic/127,
brak energii i skrajne zmęczenie,10,31,>50,genoscope.pl,6,genoscope.pl/pl/blog/Ciagle-zmeczenie-i-sennosc-brak-energii.-Jak-temu-zaradzic/127,
maść na otwarte rany dla dzieci,10,30,>50,genoscope.pl,5,genoscope.pl/pl/blog/Masc-na-rany-dla-dzieci-szybka-pomoc%2C-skuteczna-regeneracja/141,
ospanie zmęczenie,10,44,>50,genoscope.pl,5,genoscope.pl/pl/blog/Ciagle-zmeczenie-i-sennosc-brak-energii.-Jak-temu-zaradzic/127,
chroniczne zmęczenie dieta,10,28,>50,genoscope.pl,10,genoscope.pl/pl/blog/Ciagle-zmeczenie-i-sennosc-brak-energii.-Jak-temu-zaradzic/127,
tabletki pobudzające dla kierowców,10,18,>50,genoscope.pl,1,genoscope.pl/pl/c/Dla-kierowcow/103,
maść na oparzenia twarzy,10,38,>50,genoscope.pl,7,genoscope.pl/pl/blog/Oparzenia-jaka-masc-wybrac%2C-aby-skora-goila-sie-szybciej/158,
wzmocnienie osłabionego organizmu,10,40,>50,genoscope.pl,7,genoscope.pl/pl/blog/Naturalne-sposoby-na-odpornosc-i-wzmocnienie-organizmu/183,
tabletki na przyrost masy mięśniowej apteka,10,17,>50,genoscope.pl,10,genoscope.pl/produkty/colostrum-sport-tabletki-60szt,
lek na oparzenia bez recepty,10,28,>50,genoscope.pl,10,genoscope.pl/pl/blog/Oparzenia-jaka-masc-wybrac%2C-aby-skora-goila-sie-szybciej/158,
najlepsza masc na oparzenia 2 stopnia,10,29,>50,genoscope.pl,3,genoscope.pl/pl/blog/Oparzenia-jaka-masc-wybrac%2C-aby-skora-goila-sie-szybciej/158,
dobry krem na odleżyny,10,27,>50,genoscope.pl,5,genoscope.pl/masc-na-odlezyny,
naturalne metody wzmacniania organizmu,10,32,>50,genoscope.pl,5,genoscope.pl/pl/blog/Naturalne-sposoby-na-odpornosc-i-wzmocnienie-organizmu/183,
nagłe zmęczenie i senność,10,38,>50,genoscope.pl,8,genoscope.pl/pl/blog/Ciagle-zmeczenie-i-sennosc-brak-energii.-Jak-temu-zaradzic/127,
maść na blizny pooperacyjne opinie,10,32,>50,genoscope.pl,8,genoscope.pl/pl/blog/Najlepsza-masc-na-blizny-pooperacyjne-jak-swiadomie-wspierac-regeneracje-skory/213,
odbudowa organizmu po antybiotyku,10,35,>50,genoscope.pl,3,genoscope.pl/pl/blog/Domowe-sposoby-na-wzmocnienie-organizmu-po-antybiotyku-co-dziala-naprawde-i-jak-pomaga-colostrum/198,
ciągłe zmęczenie senność brak koncentracji,10,31,>50,genoscope.pl,9,genoscope.pl/pl/blog/Ciagle-zmeczenie-i-sennosc-brak-energii.-Jak-temu-zaradzic/127,
krem regenerujący naskórek,10,36,>50,genoscope.pl,5,genoscope.pl/pl/blog/Masc-z-colostrum-na-sucha-skore-i-regeneracje-naskorka-Diabetegen/142,https://genactiv.pl/products/krem-z-colostrum-genactiv
brak mi energii co zrobić,10,44,>50,genoscope.pl,5,genoscope.pl/pl/blog/Ciagle-zmeczenie-i-sennosc-brak-energii.-Jak-temu-zaradzic/127,
stałe zmęczenie,10,50,>50,genoscope.pl,6,genoscope.pl/pl/blog/Ciagle-zmeczenie-i-sennosc-brak-energii.-Jak-temu-zaradzic/127,
maść na oparzenia 1 stopnia,10,31,>50,genoscope.pl,5,genoscope.pl/pl/blog/Oparzenia-jaka-masc-wybrac%2C-aby-skora-goila-sie-szybciej/158,
preparat na oparzenia skóry,10,38,>50,genoscope.pl,9,genoscope.pl/pl/blog/Oparzenia-jaka-masc-wybrac%2C-aby-skora-goila-sie-szybciej/158,
nutraceutyki sklep,10,28,>50,genoscope.pl,7,genoscope.pl/pl/blog/Nutraceutyki-naturalne-wsparcie-odpornosci-i-wzmocnienie-organizmu/98,
brak siły ciągłe zmęczenie senność,10,31,>50,genoscope.pl,5,genoscope.pl/pl/blog/Ciagle-zmeczenie-i-sennosc-brak-energii.-Jak-temu-zaradzic/127,
coś dobrego na wzmocnienie organizmu,10,48,>50,genoscope.pl,7,genoscope.pl/pl/blog/Naturalne-sposoby-na-odpornosc-i-wzmocnienie-organizmu/183,
nie mam energii do życia,10,54,>50,genoscope.pl,6,genoscope.pl/pl/blog/Ciagle-zmeczenie-i-sennosc-brak-energii.-Jak-temu-zaradzic/127,
zmęczenie od rana,10,48,>50,genoscope.pl,9,genoscope.pl/pl/blog/Ciagle-zmeczenie-i-sennosc-brak-energii.-Jak-temu-zaradzic/127,
żel na odleżyny ze srebrem,10,26,>50,genoscope.pl,1,genoscope.pl/masc-na-odlezyny,
nieustanne zmęczenie,10,47,>50,genoscope.pl,7,genoscope.pl/pl/blog/Ciagle-zmeczenie-i-sennosc-brak-energii.-Jak-temu-zaradzic/127,
jestem ospaly i zmeczony,10,29,>50,genoscope.pl,10,genoscope.pl/pl/blog/Ciagle-zmeczenie-i-sennosc-brak-energii.-Jak-temu-zaradzic/127,
jakie witaminy na wzmocnienie po grypie,10,32,>50,genoscope.pl,5,genoscope.pl/pl/blog/Jak-naturalnie-wzmocnic-organizm-po-grypie-i-infekcjach-sezonowych/189,
uczucie częstego parcia na mocz,10,31,>50,genoscope.pl,10,genoscope.pl/pl/blog/Dyskomfort-pecherza-i-czeste-parcie-na-mocz-u-kobiet%2C-jak-wspierac-uklad-moczowy-na-co-dzien/232,
ciągłe zmęczenie osłabienie senność,10,36,>50,genoscope.pl,5,genoscope.pl/pl/blog/Ciagle-zmeczenie-i-sennosc-brak-energii.-Jak-temu-zaradzic/127,
osłabienie senność brak energii,10,36,>50,genoscope.pl,5,genoscope.pl/pl/blog/Ciagle-zmeczenie-i-sennosc-brak-energii.-Jak-temu-zaradzic/127,
mech leczniczy,10,29,>50,genoscope.pl,7,genoscope.pl/pl/blog/Sea-moss%2C-czym-jest-mech-irlandzki-i-dlaczego-robi-sie-o-nim-glosno/214,
maść ze srebrem zastosowanie,10,27,>50,genoscope.pl,1,genoscope.pl/pl/blog/Masc-ze-srebrem-jak-dziala-i-kiedy-warto-po-nia-siegnac/148,
siara skład,10,43,>50,genoscope.pl,4,genoscope.pl/pl/blog/Siara-bydleca-co-to-jest-i-dlaczego-warto-po-nia-siegnac/170,
colostrum alpha dla dzieci,10,12,12,genoscope.pl,1,genoscope.pl/produkty/colostrum-alpha-bovinum,https://genactiv.pl/products/colostrum-junior-z-czarnym-bzem-genactiv-zawiesina
najlepsza maść na blizny po cesarskim cięciu,10,25,>50,genoscope.pl,8,genoscope.pl/pl/blog/Masc-na-blizny-z-colostrum-skuteczna-regeneracja-skory-po-operacjach-i-urazach/139,
maść na trudno gojące się rany pooperacyjne,10,29,>50,genoscope.pl,10,genoscope.pl/pl/blog/Trudno-gojace-sie-rany-Diabetegen-to-wyjatkowa-masc-z-colostrum%2C-srebrem-i-witamina-E/150,
maść na otarcia skóry dla dzieci,10,24,>50,genoscope.pl,2,genoscope.pl/pl/blog/Masc-na-rany-dla-dzieci-szybka-pomoc%2C-skuteczna-regeneracja/141,
srebro do twarzy w sprayu,10,15,>50,genoscope.pl,10,genoscope.pl/pl/p/DERMFACTOR-90-ml-dezynfekujace-nanosrebro-w-aerozolu/138,
tabletki na przybranie masy,10,34,>50,genoscope.pl,6,genoscope.pl/produkty/colostrum-sport-tabletki-60szt,
jak wzmocnić organizm po kuracji antybiotykowej,10,26,>50,genoscope.pl,2,genoscope.pl/pl/blog/Naturalne-sposoby-na-wzmocnienie-organizmu-po-antybiotyku-odbuduj-odpornosc-krok-po-kroku/186,
wzmocnienie organizmu po operacji,10,33,>50,genoscope.pl,3,genoscope.pl/pl/c/Regeneracja-po-operacji/73,
ospałość ciągłe zmęczenie,10,38,>50,genoscope.pl,3,genoscope.pl/pl/blog/Ciagle-zmeczenie-i-sennosc-brak-energii.-Jak-temu-zaradzic/127,
parcie na pęcherz jak sobie pomóc,10,31,>50,genoscope.pl,10,genoscope.pl/pl/blog/Ucisk%2C-pieczenie%2C-ciagle-wizyty-w-toalecie.-Co-na-pecherz-i-jak-wspierac-uklad-moczowy-na-co-dzien/228,
colostrum dla sportowców,10,23,15,genoscope.pl,4,genoscope.pl/zastosowania/dla-sportowcow,
krem na odmrożenia twarzy,10,27,>50,genoscope.pl,7,genoscope.pl/pl/c/Odmrozenia/62,
maść z nanosrebrem apteka,10,23,>50,genoscope.pl,4,genoscope.pl/pl/blog/Masc-ze-srebrem-jak-dziala-i-kiedy-warto-po-nia-siegnac/148,
zmęczenie niewyspanie,10,43,>50,genoscope.pl,5,genoscope.pl/pl/blog/Ciagle-zmeczenie-i-sennosc-brak-energii.-Jak-temu-zaradzic/127,
słabe samopoczucie brak sił,10,36,>50,genoscope.pl,6,genoscope.pl/pl/blog/Ciagle-zmeczenie-i-sennosc-brak-energii.-Jak-temu-zaradzic/127,
lek na przyrost wagi,10,36,>50,genoscope.pl,8,genoscope.pl/produkty/colostrum-sport-tabletki-60szt,
maść na blizny atroficzne,10,30,>50,genoscope.pl,3,genoscope.pl/masc-na-blizny,
colostrum a nowotwory,10,24,>50,genoscope.pl,1,genoscope.pl/pl/blog/Colostrum-w-profilaktyce-i-leczeniu-chorob-nowotworowych/40,
ogólne zmęczenie organizmu,10,41,>50,genoscope.pl,7,genoscope.pl/pl/blog/Ciagle-zmeczenie-i-sennosc-brak-energii.-Jak-temu-zaradzic/127,
colostrum z siary kozy,10,21,>50,genoscope.pl,4,genoscope.pl/produkty/colostrum-hypo-45kaps,
siara od krowy dla gołębi,10,11,>50,genoscope.pl,10,genoscope.pl/pl/blog/Siara-bydleca-co-to-jest-i-dlaczego-warto-po-nia-siegnac/170,
co na wzmocnienie po operacji,10,34,>50,genoscope.pl,5,genoscope.pl/pl/c/Regeneracja-po-operacji/73,
jak wzmocnić organizm w czasie brania antybiotyku,10,22,>50,genoscope.pl,4,genoscope.pl/pl/blog/Naturalne-sposoby-na-wzmocnienie-organizmu-po-antybiotyku-odbuduj-odpornosc-krok-po-kroku/186,
ciagla ospalosc i zmeczenie,10,34,>50,genoscope.pl,5,genoscope.pl/pl/blog/Ciagle-zmeczenie-i-sennosc-brak-energii.-Jak-temu-zaradzic/127,
colostrum kozie cena,10,24,>50,genoscope.pl,2,genoscope.pl/pl/c/Colostrum-Hypo/106,
wzmocnić organizm po antybiotykach,10,30,>50,genoscope.pl,6,genoscope.pl/pl/blog/Naturalne-sposoby-na-wzmocnienie-organizmu-po-antybiotyku-odbuduj-odpornosc-krok-po-kroku/186,
jaka maść na blizny pooperacyjne,10,27,>50,genoscope.pl,8,genoscope.pl/pl/blog/Najlepsza-masc-na-blizny-pooperacyjne-jak-swiadomie-wspierac-regeneracje-skory/213,
preparat na przyrost masy miesniowej,10,31,>50,genoscope.pl,4,genoscope.pl/produkty/colostrum-sport-tabletki-60szt,
regeneracja śluzówki jelit,10,32,>50,genoscope.pl,2,genoscope.pl/pl/blog/Colostrum-na-jelita-naturalna-regeneracja-i-wsparcie-dla-ukladu-pokarmowego/134,
chroniczny brak energii,10,40,>50,genoscope.pl,5,genoscope.pl/pl/blog/Ciagle-zmeczenie-i-sennosc-brak-energii.-Jak-temu-zaradzic/127,
usuwanie blizn maść,10,40,>50,genoscope.pl,10,genoscope.pl/pl/blog/Masc-na-blizny-z-colostrum-skuteczna-regeneracja-skory-po-operacjach-i-urazach/139,
senność ospałość brak energii,10,32,>50,genoscope.pl,5,genoscope.pl/pl/blog/Ciagle-zmeczenie-i-sennosc-brak-energii.-Jak-temu-zaradzic/127,
tabletki na zwiększenie masy mięśniowej,10,33,>50,genoscope.pl,7,genoscope.pl/produkty/colostrum-sport-tabletki-60szt,
maść złuszczająca naskórek,10,26,>50,genoscope.pl,8,genoscope.pl/pl/blog/Masc-z-colostrum-na-sucha-skore-i-regeneracje-naskorka-Diabetegen/142,
senność zmęczenie nerwowość,10,40,>50,genoscope.pl,6,genoscope.pl/pl/blog/Ciagle-zmeczenie-i-sennosc-brak-energii.-Jak-temu-zaradzic/127,
preparat na oparzenia 2 stopnia,10,33,>50,genoscope.pl,5,genoscope.pl/pl/blog/Oparzenia-jaka-masc-wybrac%2C-aby-skora-goila-sie-szybciej/158,
krem na poparzoną skórę,10,34,>50,genoscope.pl,5,genoscope.pl/pl/blog/Oparzenia-jaka-masc-wybrac%2C-aby-skora-goila-sie-szybciej/158,
siara pl,10,35,>50,genoscope.pl,1,genoscope.pl/pl/c/Siara-w-tabletkach/117,
jaka maść na stare blizny,10,26,>50,genoscope.pl,6,genoscope.pl/masc-na-blizny,
czym sie wzmocnic po antybiotykach,10,30,>50,genoscope.pl,6,genoscope.pl/pl/blog/Naturalne-sposoby-na-wzmocnienie-organizmu-po-antybiotyku-odbuduj-odpornosc-krok-po-kroku/186,
czym wzmocnić organizm po grypie,10,32,>50,genoscope.pl,4,genoscope.pl/pl/blog/Jak-naturalnie-wzmocnic-organizm-po-grypie-i-infekcjach-sezonowych/189,
ciągłe osłabienie i zmęczenie przyczyny,10,33,>50,genoscope.pl,9,genoscope.pl/pl/blog/Ciagle-zmeczenie-i-sennosc-brak-energii.-Jak-temu-zaradzic/127,
colostrum hashimoto,10,22,>50,genoscope.pl,2,genoscope.pl/pl/blog/Wplyw-Colostrum-na-choroby-autoimmunologiczne/35,
colostrum blog,10,42,>50,genoscope.pl,5,genoscope.pl/pl/blog/Colostrum-kapsulki-jak-wybrac-najlepsze-i-dlaczego-warto-je-stosowac/131,
długotrwałe zmęczenie i senność,10,36,>50,genoscope.pl,7,genoscope.pl/pl/blog/Ciagle-zmeczenie-i-sennosc-brak-energii.-Jak-temu-zaradzic/127,
ciagle zmeczenie i znuzenie,10,37,>50,genoscope.pl,5,genoscope.pl/pl/blog/Ciagle-zmeczenie-i-sennosc-brak-energii.-Jak-temu-zaradzic/127,
maść przeciw oparzeniom,10,33,>50,genoscope.pl,5,genoscope.pl/pl/blog/Oparzenia-jaka-masc-wybrac%2C-aby-skora-goila-sie-szybciej/158,
dobra maść na blizny po oparzeniu,10,34,>50,genoscope.pl,6,genoscope.pl/pl/blog/Masc-na-blizny-z-colostrum-skuteczna-regeneracja-skory-po-operacjach-i-urazach/139,
masc z substancja lotna dla niemowlaka,10,29,>50,genoscope.pl,7,genoscope.pl/pl/blog/Kremy-i-masci-z-colostrum-ratunkiem-w-zaburzeniach-funkcji-skory-u-dzieci/46,
jak wrócić do formy po antybiotykach,10,28,>50,genoscope.pl,5,genoscope.pl/pl/blog/Naturalne-sposoby-na-wzmocnienie-organizmu-po-antybiotyku-odbuduj-odpornosc-krok-po-kroku/186,
nieustanne zmęczenie i senność,10,34,>50,genoscope.pl,5,genoscope.pl/pl/blog/Ciagle-zmeczenie-i-sennosc-brak-energii.-Jak-temu-zaradzic/127,
regeneracja organizmu po antybiotyku,10,33,>50,genoscope.pl,3,genoscope.pl/pl/blog/Naturalne-sposoby-na-wzmocnienie-organizmu-po-antybiotyku-odbuduj-odpornosc-krok-po-kroku/186,
maść na oparzenia gorącą wodą,10,31,>50,genoscope.pl,8,genoscope.pl/pl/blog/Oparzenia-jaka-masc-wybrac%2C-aby-skora-goila-sie-szybciej/158,
mleko bydlęce,10,43,25,genoscope.pl,9,genoscope.pl/pl/blog/Siara-bydleca-co-to-jest-i-dlaczego-warto-po-nia-siegnac/170,
siara ludzka,10,37,>50,genoscope.pl,4,genoscope.pl/pl/blog/Siara-bydleca-co-to-jest-i-dlaczego-warto-po-nia-siegnac/170,
jaka maść na oparzenia skóry,10,26,>50,genoscope.pl,4,genoscope.pl/pl/blog/Oparzenia-jaka-masc-wybrac%2C-aby-skora-goila-sie-szybciej/158,
tabletki na zwiększenie masy,10,41,>50,genoscope.pl,3,genoscope.pl/produkty/colostrum-sport-tabletki-60szt,
maść na strupki dla dzieci,10,24,>50,genoscope.pl,2,genoscope.pl/pl/blog/Masc-na-rany-dla-dzieci-szybka-pomoc%2C-skuteczna-regeneracja/141,
co na zadrapania na twarzy u dziecka,10,26,>50,genoscope.pl,8,genoscope.pl/pl/blog/Masc-na-rany-dla-dzieci-szybka-pomoc%2C-skuteczna-regeneracja/141,
siara mleko krowie,10,35,16,genoscope.pl,2,genoscope.pl/pl/blog/Siara-bydleca-co-to-jest-i-dlaczego-warto-po-nia-siegnac/170,
siara mleka kobiecego,10,38,>50,genoscope.pl,5,genoscope.pl/pl/blog/Siara-bydleca-co-to-jest-i-dlaczego-warto-po-nia-siegnac/170,
ciagly sen i zmeczenie,10,35,>50,genoscope.pl,5,genoscope.pl/pl/blog/Ciagle-zmeczenie-i-sennosc-brak-energii.-Jak-temu-zaradzic/127,
ciagle ospaly i zmeczony,10,33,>50,genoscope.pl,5,genoscope.pl/pl/blog/Ciagle-zmeczenie-i-sennosc-brak-energii.-Jak-temu-zaradzic/127,
slabosc zmeczenie,10,43,>50,genoscope.pl,10,genoscope.pl/pl/blog/Ciagle-zmeczenie-i-sennosc-brak-energii.-Jak-temu-zaradzic/127,
na zadrapania dla dzieci,10,35,>50,genoscope.pl,3,genoscope.pl/pl/blog/Masc-na-rany-dla-dzieci-szybka-pomoc%2C-skuteczna-regeneracja/141,
maść na rany oparzeniowe,10,40,>50,genoscope.pl,3,genoscope.pl/pl/blog/Oparzenia-jaka-masc-wybrac%2C-aby-skora-goila-sie-szybciej/158,
colostrum zamiennik,10,25,14,genoscope.pl,6,genoscope.pl/pl/blog/Diabetegen-zamiennik%2C-kiedy-szukac-alternatywy-i-czym-realnie-roznia-sie-kremy-z-colostrum/222,
colostrum jak działa,10,37,23,genoscope.pl,8,genoscope.pl/pl/blog/Colostrum-jak-dziala-naprawde-i-dlaczego-jakosc-ma-kluczowe-znaczenie/219,
maść natłuszczająca na blizny,10,34,>50,genoscope.pl,3,genoscope.pl/masc-na-blizny,
jaka maść na stopę cukrzycowa,10,17,>50,genoscope.pl,3,genoscope.pl/pl/p/DIABETEGEN-ze-srebrem-kuracja-10-dniowa-20ml/157,
produkty na wzmocnienie organizmu,10,48,>50,genoscope.pl,6,genoscope.pl/pl/blog/Naturalne-sposoby-na-odpornosc-i-wzmocnienie-organizmu/183,
brak siły rano,10,44,>50,genoscope.pl,2,genoscope.pl/pl/blog/Ciagle-zmeczenie-i-sennosc-brak-energii.-Jak-temu-zaradzic/127,
maść na oparzenia parą,10,34,>50,genoscope.pl,10,genoscope.pl/pl/blog/Oparzenia-jaka-masc-wybrac%2C-aby-skora-goila-sie-szybciej/158,
preparat na odmrożenia,10,27,>50,genoscope.pl,7,genoscope.pl/pl/c/Odmrozenia/62,
maść ze srebrem dla dzieci,10,17,>50,genoscope.pl,1,genoscope.pl/pl/blog/Masc-ze-srebrem-jak-dziala-i-kiedy-warto-po-nia-siegnac/148,
siara kobyla,10,40,>50,genoscope.pl,3,genoscope.pl/pl/blog/Siara-bydleca-co-to-jest-i-dlaczego-warto-po-nia-siegnac/170,
krem na zadrapania dla dzieci,10,28,>50,genoscope.pl,2,genoscope.pl/pl/blog/Masc-na-rany-dla-dzieci-szybka-pomoc%2C-skuteczna-regeneracja/141,
mocne zmeczenie organizmu,10,40,>50,genoscope.pl,8,genoscope.pl/pl/blog/Ciagle-zmeczenie-i-sennosc-brak-energii.-Jak-temu-zaradzic/127,
wsparcie układu immunologicznego,10,37,>50,genoscope.pl,10,genoscope.pl/pl/blog/jak-wzmocnic-uklad-immunologiczny-u-doroslych-Sprawdzone-metody-i-naturalne-wsparcie-colostrum/116,
maść na oparzenia drugiego stopnia,10,29,>50,genoscope.pl,4,genoscope.pl/pl/blog/Oparzenia-jaka-masc-wybrac%2C-aby-skora-goila-sie-szybciej/158,
maść na oparzenia ogniem,10,32,>50,genoscope.pl,5,genoscope.pl/pl/blog/Oparzenia-jaka-masc-wybrac%2C-aby-skora-goila-sie-szybciej/158,
maść ze srebrem doz,10,20,>50,genoscope.pl,8,genoscope.pl/pl/blog/Masc-ze-srebrem-jak-dziala-i-kiedy-warto-po-nia-siegnac/148,
maść z jonami srebra na blizny,10,22,>50,genoscope.pl,4,genoscope.pl/pl/blog/Masc-ze-srebrem-jak-dziala-i-kiedy-warto-po-nia-siegnac/148,
colostrum 400mg,10,26,13,colostrumactive.pl,8,colostrumactive.pl/,
colostrum dla sportowców,10,23,15,colostrumactive.pl,1,colostrumactive.pl/produkt/liposome-colostrum-active-sport/,
colostrum a nowotwory,10,24,>50,colostrumactive.pl,7,colostrumactive.pl/skutecznie-wyleczyc-publikacja/,
colostrum blog,10,42,>50,colostrumactive.pl,9,colostrumactive.pl/colostrum-fakty-i-mity-co-konsumenci-naprawde-powinni-wiedziec-o-colostrum-active-i-sile-bovinum-colostrum/,
colostrum ibs,10,29,26,colostrumactive.pl,6,colostrumactive.pl/czy-colostrum-leczy-jelita/,
colostrum helicobacter pylori,10,31,19,colostrumactive.pl,2,colostrumactive.pl/czy-colostrum-pomaga-na-zoladek/,
colostrum po jakim czasie efekty,10,20,>50,colostrumactive.pl,6,colostrumactive.pl/kiedy-colostrum-zaczyna-dzialac/,
colostrum dla sportowców,10,23,15,colostrumpolska.pl,6,colostrumpolska.pl/48-suplementy-dla-sportowcow,
delfina 4,10,38,>50,colostrumpolska.pl,8,colostrumpolska.pl/mydla-w-kostce/117-fou-four-mydelko-marsylskie-delfin.html,
uczucie parcia na pęcherz po oddaniu moczu,0,26,>50,genoscope.pl,10,genoscope.pl/pl/blog/Dyskomfort-pecherza-i-czeste-parcie-na-mocz-u-kobiet%2C-jak-wspierac-uklad-moczowy-na-co-dzien/232,
przemęczenie organizmu leczenie,0,40,>50,genoscope.pl,10,genoscope.pl/pl/blog/Chroniczne-przemeczenie-jak-odzyskac-energie/126,
maść na rany przy cukrzycy,0,23,>50,genoscope.pl,2,genoscope.pl/pl/p/DIABETEGEN-ze-srebrem-kuracja-10-dniowa-20ml/157,
